unit_id,seed,model,pattern,context_slug,project_context,n_files,avg_mi_score,avg_cbo,avg_lcom_star,avg_rfc,avg_dit,ck_overall_score,ck_status
qwen-qwen2-5-7b-instruct__Composite__banking-account-management__rep0,40,qwen25_7b,Composite,banking-account-management,"A Java application for customer accounts, deposits, withdrawals, transfers, statement generation, and audit history.",7,59.35,2.142857142857143,0.10714285714285714,2.7142857142857144,1.4285714285714286,84.28571428571429,ok
qwen-qwen2-5-7b-instruct__Composite__car-rental-management__rep0,40,qwen25_7b,Composite,car-rental-management,"A Java application to manage fleet inventory, reservations, vehicle pickup/return, pricing, and maintenance status.",4,55.8,1.25,0.3055555875,2.25,1.0,84.0,ok
qwen-qwen2-5-7b-instruct__Composite__food-delivery-management__rep0,40,qwen25_7b,Composite,food-delivery-management,"A Java backend for restaurants, menus, customer orders, delivery assignment, and order status tracking.",6,66.42,1.0,0.055555556666666665,1.0,1.3333333333333333,86.66666666666667,ok
qwen-qwen2-5-7b-instruct__Composite__gym-membership-platform__rep0,40,qwen25_7b,Composite,gym-membership-platform,"A Java system for memberships, class schedules, trainer booking, attendance check-ins, and payment tracking.",6,61.4,1.8571428571428572,0.0642857142857143,1.2857142857142858,1.2857142857142858,86.85714285714286,ok
qwen-qwen2-5-7b-instruct__Composite__hospital-appointment-scheduler__rep0,40,qwen25_7b,Composite,hospital-appointment-scheduler,"A Java application to manage doctors, patients, appointment slots, check-ins, and visit history for a clinic.",6,62.71,1.1666666666666667,0.041666666666666664,1.3333333333333333,1.0,86.66666666666667,ok
qwen-qwen2-5-7b-instruct__Composite__hotel-reservation-system__rep0,40,qwen25_7b,Composite,hotel-reservation-system,"A Java system for room inventory, bookings, check-in/check-out, pricing plans, and guest billing.",4,57.7,1.5,0.30357143249999996,2.0,1.0,82.0,ok
qwen-qwen2-5-7b-instruct__Composite__issue-tracking-system__rep0,40,qwen25_7b,Composite,issue-tracking-system,"A Java project tracker for ticket creation, assignment, status workflow, comments, and priority handling.",9,64.21,2.2222222222222223,0.16111110888888888,1.0,1.1111111111111112,83.33333333333333,ok
qwen-qwen2-5-7b-instruct__Composite__learning-management-system__rep0,40,qwen25_7b,Composite,learning-management-system,"A Java LMS for courses, lesson modules, assignments, submissions, grading, and progress tracking.",5,57.81,1.8,0.282857146,2.0,1.0,83.2,ok
qwen-qwen2-5-7b-instruct__Composite__library-management-system__rep0,40,qwen25_7b,Composite,library-management-system,"A Java system for managing books, members, borrowing/returns, due dates, and late fees in a public library.",9,58.84,2.4,0.23666667000000002,2.1,1.1,83.0,ok
qwen-qwen2-5-7b-instruct__Composite__payroll-and-hr-system__rep0,40,qwen25_7b,Composite,payroll-and-hr-system,"A Java HR/payroll system for employee records, leave requests, salary calculation, payslips, and tax deductions.",4,56.11,1.25,0.125,2.5,1.5,86.0,ok
qwen-qwen2-5-7b-instruct__Composite__school-management-platform__rep0,40,qwen25_7b,Composite,school-management-platform,"A Java platform for student enrollment, class scheduling, grades, attendance, and teacher-course assignments.",7,63.01,1.625,0.1791666675,2.5,1.0,85.0,ok
qwen-qwen2-5-7b-instruct__Composite__warehouse-inventory-tracker__rep0,40,qwen25_7b,Composite,warehouse-inventory-tracker,"A Java solution for stock intake, item locations, reorder thresholds, supplier restocking, and movement logs.",5,62.9,1.2857142857142858,0.16326531428571428,1.2857142857142858,1.0,85.71428571428571,ok
qwen-qwen2-5-7b-instruct__Factory Method__banking-account-management__rep0,40,qwen25_7b,Factory Method,banking-account-management,"A Java application for customer accounts, deposits, withdrawals, transfers, statement generation, and audit history.",5,58.0,1.8,0.25833333999999997,2.0,1.4,84.8,ok
qwen-qwen2-5-7b-instruct__Factory Method__car-rental-management__rep0,40,qwen25_7b,Factory Method,car-rental-management,"A Java application to manage fleet inventory, reservations, vehicle pickup/return, pricing, and maintenance status.",9,67.89,1.8888888888888888,0.0,1.0,1.0,88.0,ok
qwen-qwen2-5-7b-instruct__Factory Method__food-delivery-management__rep0,40,qwen25_7b,Factory Method,food-delivery-management,"A Java backend for restaurants, menus, customer orders, delivery assignment, and order status tracking.",6,69.57,1.3333333333333333,0.0,1.0,1.1666666666666667,88.0,ok
qwen-qwen2-5-7b-instruct__Factory Method__gym-membership-platform__rep0,40,qwen25_7b,Factory Method,gym-membership-platform,"A Java system for memberships, class schedules, trainer booking, attendance check-ins, and payment tracking.",5,68.41,1.4,0.066666668,0.8,1.4,86.4,ok
qwen-qwen2-5-7b-instruct__Factory Method__hospital-appointment-scheduler__rep0,40,qwen25_7b,Factory Method,hospital-appointment-scheduler,"A Java application to manage doctors, patients, appointment slots, check-ins, and visit history for a clinic.",7,60.82,0.875,0.208333335,1.125,1.0,84.0,ok
qwen-qwen2-5-7b-instruct__Factory Method__hotel-reservation-system__rep0,40,qwen25_7b,Factory Method,hotel-reservation-system,"A Java system for room inventory, bookings, check-in/check-out, pricing plans, and guest billing.",5,64.98,1.8571428571428572,0.04761904857142857,1.4285714285714286,1.0,86.85714285714286,ok
qwen-qwen2-5-7b-instruct__Factory Method__issue-tracking-system__rep0,40,qwen25_7b,Factory Method,issue-tracking-system,"A Java project tracker for ticket creation, assignment, status workflow, comments, and priority handling.",5,64.18,2.0,0.15384616,1.8,1.2,82.8,ok
qwen-qwen2-5-7b-instruct__Factory Method__learning-management-system__rep0,40,qwen25_7b,Factory Method,learning-management-system,"A Java LMS for courses, lesson modules, assignments, submissions, grading, and progress tracking.",5,67.82,1.8,0.066666668,1.0,1.0,86.4,ok
qwen-qwen2-5-7b-instruct__Factory Method__library-management-system__rep0,40,qwen25_7b,Factory Method,library-management-system,"A Java system for managing books, members, borrowing/returns, due dates, and late fees in a public library.",8,65.77,1.7,0.15333333899999999,0.8,1.0,84.8,ok
qwen-qwen2-5-7b-instruct__Factory Method__payroll-and-hr-system__rep0,40,qwen25_7b,Factory Method,payroll-and-hr-system,"A Java HR/payroll system for employee records, leave requests, salary calculation, payslips, and tax deductions.",5,63.96,1.4,0.066666668,1.2,1.4,86.4,ok
qwen-qwen2-5-7b-instruct__Factory Method__school-management-platform__rep0,40,qwen25_7b,Factory Method,school-management-platform,"A Java platform for student enrollment, class scheduling, grades, attendance, and teacher-course assignments.",5,70.34,1.4,0.0,1.0,1.0,88.0,ok
qwen-qwen2-5-7b-instruct__Factory Method__warehouse-inventory-tracker__rep0,40,qwen25_7b,Factory Method,warehouse-inventory-tracker,"A Java solution for stock intake, item locations, reorder thresholds, supplier restocking, and movement logs.",4,64.28,1.5,0.055555556666666665,1.0,1.0,86.66666666666667,ok
qwen-qwen2-5-7b-instruct__Observer__banking-account-management__rep0,40,qwen25_7b,Observer,banking-account-management,"A Java application for customer accounts, deposits, withdrawals, transfers, statement generation, and audit history.",5,62.75,1.4,0.066666668,2.2,1.0,86.4,ok
qwen-qwen2-5-7b-instruct__Observer__car-rental-management__rep0,40,qwen25_7b,Observer,car-rental-management,"A Java application to manage fleet inventory, reservations, vehicle pickup/return, pricing, and maintenance status.",5,63.57,1.8,0.217142872,2.0,1.0,84.8,ok
qwen-qwen2-5-7b-instruct__Observer__food-delivery-management__rep0,40,qwen25_7b,Observer,food-delivery-management,"A Java backend for restaurants, menus, customer orders, delivery assignment, and order status tracking.",6,61.09,1.3333333333333333,0.16666666666666666,2.1666666666666665,1.3333333333333333,85.33333333333333,ok
qwen-qwen2-5-7b-instruct__Observer__gym-membership-platform__rep0,40,qwen25_7b,Observer,gym-membership-platform,"A Java system for memberships, class schedules, trainer booking, attendance check-ins, and payment tracking.",5,64.92,1.8,0.186666672,1.8,1.0,84.8,ok
qwen-qwen2-5-7b-instruct__Observer__hospital-appointment-scheduler__rep0,40,qwen25_7b,Observer,hospital-appointment-scheduler,"A Java application to manage doctors, patients, appointment slots, check-ins, and visit history for a clinic.",10,63.73,1.3,0.133333336,1.2,1.1,84.8,ok
qwen-qwen2-5-7b-instruct__Observer__hotel-reservation-system__rep0,40,qwen25_7b,Observer,hotel-reservation-system,"A Java system for room inventory, bookings, check-in/check-out, pricing plans, and guest billing.",4,59.0,2.0,0.214772725,3.5,1.0,83.5,ok
qwen-qwen2-5-7b-instruct__Observer__issue-tracking-system__rep0,40,qwen25_7b,Observer,issue-tracking-system,"A Java project tracker for ticket creation, assignment, status workflow, comments, and priority handling.",7,61.37,1.1428571428571428,0.12244898142857143,3.0,1.1428571428571428,84.28571428571429,ok
qwen-qwen2-5-7b-instruct__Observer__learning-management-system__rep0,40,qwen25_7b,Observer,learning-management-system,"A Java LMS for courses, lesson modules, assignments, submissions, grading, and progress tracking.",7,59.84,1.5714285714285714,0.3273809542857143,1.4285714285714286,1.0,81.14285714285714,ok
qwen-qwen2-5-7b-instruct__Observer__library-management-system__rep0,40,qwen25_7b,Observer,library-management-system,"A Java system for managing books, members, borrowing/returns, due dates, and late fees in a public library.",7,68.71,1.1428571428571428,0.21428571428571427,1.1428571428571428,1.2857142857142858,84.57142857142857,ok
qwen-qwen2-5-7b-instruct__Observer__payroll-and-hr-system__rep0,40,qwen25_7b,Observer,payroll-and-hr-system,"A Java HR/payroll system for employee records, leave requests, salary calculation, payslips, and tax deductions.",8,64.49,1.25,0.140625,1.75,1.0,86.0,ok
qwen-qwen2-5-7b-instruct__Observer__school-management-platform__rep0,40,qwen25_7b,Observer,school-management-platform,"A Java platform for student enrollment, class scheduling, grades, attendance, and teacher-course assignments.",5,61.78,1.6,0.20166666800000002,2.6,1.0,83.2,ok
qwen-qwen2-5-7b-instruct__Observer__warehouse-inventory-tracker__rep0,40,qwen25_7b,Observer,warehouse-inventory-tracker,"A Java solution for stock intake, item locations, reorder thresholds, supplier restocking, and movement logs.",4,59.74,1.75,0.29404764,4.5,1.0,84.0,ok
qwen-qwen2-5-7b-instruct__Singleton__banking-account-management__rep0,40,qwen25_7b,Singleton,banking-account-management,"A Java application for customer accounts, deposits, withdrawals, transfers, statement generation, and audit history.",4,62.88,1.4,0.16666666800000002,2.2,1.0,84.8,ok
qwen-qwen2-5-7b-instruct__Singleton__car-rental-management__rep0,40,qwen25_7b,Singleton,car-rental-management,"A Java application to manage fleet inventory, reservations, vehicle pickup/return, pricing, and maintenance status.",3,69.2,1.0,0.22222223333333332,1.3333333333333333,1.0,85.33333333333333,ok
qwen-qwen2-5-7b-instruct__Singleton__food-delivery-management__rep0,40,qwen25_7b,Singleton,food-delivery-management,"A Java backend for restaurants, menus, customer orders, delivery assignment, and order status tracking.",8,63.63,1.125,0.2916666675,0.0,1.0,83.0,ok
qwen-qwen2-5-7b-instruct__Singleton__gym-membership-platform__rep0,40,qwen25_7b,Singleton,gym-membership-platform,"A Java system for memberships, class schedules, trainer booking, attendance check-ins, and payment tracking.",6,60.76,1.6666666666666667,0.5208333333333334,2.6666666666666665,1.0,81.33333333333333,ok
qwen-qwen2-5-7b-instruct__Singleton__hospital-appointment-scheduler__rep0,40,qwen25_7b,Singleton,hospital-appointment-scheduler,"A Java application to manage doctors, patients, appointment slots, check-ins, and visit history for a clinic.",7,62.36,1.4285714285714286,0.5023809571428571,0.42857142857142855,1.0,80.0,ok
qwen-qwen2-5-7b-instruct__Singleton__hotel-reservation-system__rep0,40,qwen25_7b,Singleton,hotel-reservation-system,"A Java system for room inventory, bookings, check-in/check-out, pricing plans, and guest billing.",3,61.16,1.3333333333333333,0.16666666666666666,2.3333333333333335,1.0,85.33333333333333,ok
qwen-qwen2-5-7b-instruct__Singleton__issue-tracking-system__rep0,40,qwen25_7b,Singleton,issue-tracking-system,"A Java project tracker for ticket creation, assignment, status workflow, comments, and priority handling.",3,54.74,1.3333333333333333,0.5421245566666667,2.6666666666666665,1.0,74.0,ok
qwen-qwen2-5-7b-instruct__Singleton__learning-management-system__rep0,40,qwen25_7b,Singleton,learning-management-system,"A Java LMS for courses, lesson modules, assignments, submissions, grading, and progress tracking.",7,68.48,1.2857142857142858,0.19047619999999998,0.2857142857142857,1.0,85.71428571428571,ok
qwen-qwen2-5-7b-instruct__Singleton__library-management-system__rep0,40,qwen25_7b,Singleton,library-management-system,"A Java system for managing books, members, borrowing/returns, due dates, and late fees in a public library.",4,59.89,1.5,0.29166667,2.0,1.0,82.0,ok
qwen-qwen2-5-7b-instruct__Singleton__payroll-and-hr-system__rep0,40,qwen25_7b,Singleton,payroll-and-hr-system,"A Java HR/payroll system for employee records, leave requests, salary calculation, payslips, and tax deductions.",6,56.41,2.3333333333333335,0.3166666666666667,2.1666666666666665,1.0,82.66666666666667,ok
qwen-qwen2-5-7b-instruct__Singleton__school-management-platform__rep0,40,qwen25_7b,Singleton,school-management-platform,"A Java platform for student enrollment, class scheduling, grades, attendance, and teacher-course assignments.",2,63.79,1.0,0.33333335,2.0,1.0,84.0,ok
qwen-qwen2-5-7b-instruct__Singleton__warehouse-inventory-tracker__rep0,40,qwen25_7b,Singleton,warehouse-inventory-tracker,"A Java solution for stock intake, item locations, reorder thresholds, supplier restocking, and movement logs.",7,64.53,1.0,0.35238096,0.5714285714285714,1.0,81.14285714285714,ok
qwen-qwen2-5-7b-instruct__Strategy__banking-account-management__rep0,40,qwen25_7b,Strategy,banking-account-management,"A Java application for customer accounts, deposits, withdrawals, transfers, statement generation, and audit history.",9,64.87,1.6666666666666667,0.04232804444444445,2.111111111111111,1.0,87.11111111111111,ok
qwen-qwen2-5-7b-instruct__Strategy__car-rental-management__rep0,40,qwen25_7b,Strategy,car-rental-management,"A Java application to manage fleet inventory, reservations, vehicle pickup/return, pricing, and maintenance status.",5,67.48,0.625,0.0416666675,1.25,1.0,87.0,ok
qwen-qwen2-5-7b-instruct__Strategy__food-delivery-management__rep0,40,qwen25_7b,Strategy,food-delivery-management,"A Java backend for restaurants, menus, customer orders, delivery assignment, and order status tracking.",5,70.83,1.2,0.0,0.6,1.0,88.0,ok
qwen-qwen2-5-7b-instruct__Strategy__gym-membership-platform__rep0,40,qwen25_7b,Strategy,gym-membership-platform,"A Java system for memberships, class schedules, trainer booking, attendance check-ins, and payment tracking.",6,67.59,1.6666666666666667,0.083333335,1.3333333333333333,1.0,86.66666666666667,ok
qwen-qwen2-5-7b-instruct__Strategy__hospital-appointment-scheduler__rep0,40,qwen25_7b,Strategy,hospital-appointment-scheduler,"A Java application to manage doctors, patients, appointment slots, check-ins, and visit history for a clinic.",6,64.21,1.8333333333333333,0.16666667166666668,2.1666666666666665,1.0,85.33333333333333,ok
qwen-qwen2-5-7b-instruct__Strategy__hotel-reservation-system__rep0,40,qwen25_7b,Strategy,hotel-reservation-system,"A Java system for room inventory, bookings, check-in/check-out, pricing plans, and guest billing.",8,66.1,1.75,0.0625,1.0,1.25,87.0,ok
qwen-qwen2-5-7b-instruct__Strategy__issue-tracking-system__rep0,40,qwen25_7b,Strategy,issue-tracking-system,"A Java project tracker for ticket creation, assignment, status workflow, comments, and priority handling.",8,67.45,2.0,0.0833333375,0.75,1.0,87.0,ok
qwen-qwen2-5-7b-instruct__Strategy__learning-management-system__rep0,40,qwen25_7b,Strategy,learning-management-system,"A Java LMS for courses, lesson modules, assignments, submissions, grading, and progress tracking.",5,76.86,1.2,0.0,0.8,1.0,88.0,ok
qwen-qwen2-5-7b-instruct__Strategy__library-management-system__rep0,40,qwen25_7b,Strategy,library-management-system,"A Java system for managing books, members, borrowing/returns, due dates, and late fees in a public library.",6,58.52,2.0,0.26388889,2.1666666666666665,1.0,82.66666666666667,ok
qwen-qwen2-5-7b-instruct__Strategy__payroll-and-hr-system__rep0,40,qwen25_7b,Strategy,payroll-and-hr-system,"A Java HR/payroll system for employee records, leave requests, salary calculation, payslips, and tax deductions.",7,72.0,0.8571428571428571,0.09999999999999999,0.5714285714285714,1.0,86.85714285714286,ok
qwen-qwen2-5-7b-instruct__Strategy__school-management-platform__rep0,40,qwen25_7b,Strategy,school-management-platform,"A Java platform for student enrollment, class scheduling, grades, attendance, and teacher-course assignments.",5,70.38,1.2,0.0,1.4,1.0,88.0,ok
qwen-qwen2-5-7b-instruct__Strategy__warehouse-inventory-tracker__rep0,40,qwen25_7b,Strategy,warehouse-inventory-tracker,"A Java solution for stock intake, item locations, reorder thresholds, supplier restocking, and movement logs.",5,71.41,1.2,0.0,0.8,1.0,88.0,ok
qwen-qwen2-5-7b-instruct__Composite__banking-account-management__rep0,41,qwen25_7b,Composite,banking-account-management,"A Java application for customer accounts, deposits, withdrawals, transfers, statement generation, and audit history.",6,58.26,1.3333333333333333,0.10185186,3.0,1.5,85.0,ok
qwen-qwen2-5-7b-instruct__Composite__car-rental-management__rep0,41,qwen25_7b,Composite,car-rental-management,"A Java application to manage fleet inventory, reservations, vehicle pickup/return, pricing, and maintenance status.",7,62.62,2.5714285714285716,0.23809524285714284,2.0,1.2857142857142858,84.57142857142857,ok
qwen-qwen2-5-7b-instruct__Composite__food-delivery-management__rep0,41,qwen25_7b,Composite,food-delivery-management,"A Java backend for restaurants, menus, customer orders, delivery assignment, and order status tracking.",4,63.78,1.0,0.083333335,1.25,1.0,86.0,ok
qwen-qwen2-5-7b-instruct__Composite__gym-membership-platform__rep0,41,qwen25_7b,Composite,gym-membership-platform,"A Java system for memberships, class schedules, trainer booking, attendance check-ins, and payment tracking.",4,54.67,1.5,0.333333325,3.25,1.0,82.0,ok
qwen-qwen2-5-7b-instruct__Composite__hospital-appointment-scheduler__rep0,41,qwen25_7b,Composite,hospital-appointment-scheduler,"A Java application to manage doctors, patients, appointment slots, check-ins, and visit history for a clinic.",5,64.27,1.8,0.15,1.2,1.0,84.8,ok
qwen-qwen2-5-7b-instruct__Composite__hotel-reservation-system__rep0,41,qwen25_7b,Composite,hotel-reservation-system,"A Java system for room inventory, bookings, check-in/check-out, pricing plans, and guest billing.",4,58.42,0.75,0.20416667500000002,1.25,1.0,84.0,ok
qwen-qwen2-5-7b-instruct__Composite__issue-tracking-system__rep0,41,qwen25_7b,Composite,issue-tracking-system,"A Java project tracker for ticket creation, assignment, status workflow, comments, and priority handling.",6,61.26,1.8333333333333333,0.23564814,0.3333333333333333,1.3333333333333333,81.0,ok
qwen-qwen2-5-7b-instruct__Composite__learning-management-system__rep0,41,qwen25_7b,Composite,learning-management-system,"A Java LMS for courses, lesson modules, assignments, submissions, grading, and progress tracking.",5,62.72,1.8,0.2,1.4,1.4,84.8,ok
qwen-qwen2-5-7b-instruct__Composite__library-management-system__rep0,41,qwen25_7b,Composite,library-management-system,"A Java system for managing books, members, borrowing/returns, due dates, and late fees in a public library.",6,58.91,1.5,0.22698413166666667,3.5,1.0,84.0,ok
qwen-qwen2-5-7b-instruct__Composite__payroll-and-hr-system__rep0,41,qwen25_7b,Composite,payroll-and-hr-system,"A Java HR/payroll system for employee records, leave requests, salary calculation, payslips, and tax deductions.",5,56.78,1.6,0.394444454,1.6,1.0,80.0,ok
qwen-qwen2-5-7b-instruct__Composite__school-management-platform__rep0,41,qwen25_7b,Composite,school-management-platform,"A Java platform for student enrollment, class scheduling, grades, attendance, and teacher-course assignments.",4,59.67,1.5,0.125,1.75,1.0,86.0,ok
qwen-qwen2-5-7b-instruct__Composite__warehouse-inventory-tracker__rep0,41,qwen25_7b,Composite,warehouse-inventory-tracker,"A Java solution for stock intake, item locations, reorder thresholds, supplier restocking, and movement logs.",7,62.49,2.5714285714285716,0.15476191428571426,1.7142857142857142,1.0,85.71428571428571,ok
qwen-qwen2-5-7b-instruct__Factory Method__banking-account-management__rep0,41,qwen25_7b,Factory Method,banking-account-management,"A Java application for customer accounts, deposits, withdrawals, transfers, statement generation, and audit history.",8,63.79,1.1111111111111112,0.08888888888888889,0.8888888888888888,1.2222222222222223,86.22222222222223,ok
qwen-qwen2-5-7b-instruct__Factory Method__car-rental-management__rep0,41,qwen25_7b,Factory Method,car-rental-management,"A Java application to manage fleet inventory, reservations, vehicle pickup/return, pricing, and maintenance status.",7,66.21,1.8571428571428572,0.08571428571428572,0.7142857142857143,1.2857142857142858,86.85714285714286,ok
qwen-qwen2-5-7b-instruct__Factory Method__food-delivery-management__rep0,41,qwen25_7b,Factory Method,food-delivery-management,"A Java backend for restaurants, menus, customer orders, delivery assignment, and order status tracking.",6,68.69,1.6666666666666667,0.0625,1.0,1.0,86.66666666666667,ok
qwen-qwen2-5-7b-instruct__Factory Method__gym-membership-platform__rep0,41,qwen25_7b,Factory Method,gym-membership-platform,"A Java system for memberships, class schedules, trainer booking, attendance check-ins, and payment tracking.",5,68.84,1.8,0.066666668,0.6,1.0,86.4,ok
qwen-qwen2-5-7b-instruct__Factory Method__hospital-appointment-scheduler__rep0,41,qwen25_7b,Factory Method,hospital-appointment-scheduler,"A Java application to manage doctors, patients, appointment slots, check-ins, and visit history for a clinic.",10,60.45,2.0833333333333335,0.2555555566666667,1.4166666666666667,1.1666666666666667,82.5,ok
qwen-qwen2-5-7b-instruct__Factory Method__hotel-reservation-system__rep0,41,qwen25_7b,Factory Method,hotel-reservation-system,"A Java system for room inventory, bookings, check-in/check-out, pricing plans, and guest billing.",5,69.0,1.4,0.11111112000000001,0.2,1.0,86.4,ok
qwen-qwen2-5-7b-instruct__Factory Method__issue-tracking-system__rep0,41,qwen25_7b,Factory Method,issue-tracking-system,"A Java project tracker for ticket creation, assignment, status workflow, comments, and priority handling.",5,64.2,1.8,0.15384616,1.6,1.0,82.8,ok
qwen-qwen2-5-7b-instruct__Factory Method__learning-management-system__rep0,41,qwen25_7b,Factory Method,learning-management-system,"A Java LMS for courses, lesson modules, assignments, submissions, grading, and progress tracking.",6,64.69,1.5,0.083333335,1.3333333333333333,1.3333333333333333,86.66666666666667,ok
qwen-qwen2-5-7b-instruct__Factory Method__library-management-system__rep0,41,qwen25_7b,Factory Method,library-management-system,"A Java system for managing books, members, borrowing/returns, due dates, and late fees in a public library.",7,62.21,2.0,0.158333335,1.0,1.0,85.0,ok
qwen-qwen2-5-7b-instruct__Factory Method__payroll-and-hr-system__rep0,41,qwen25_7b,Factory Method,payroll-and-hr-system,"A Java HR/payroll system for employee records, leave requests, salary calculation, payslips, and tax deductions.",5,65.25,1.4,0.133333336,0.2,1.4,84.8,ok
qwen-qwen2-5-7b-instruct__Factory Method__school-management-platform__rep0,41,qwen25_7b,Factory Method,school-management-platform,"A Java platform for student enrollment, class scheduling, grades, attendance, and teacher-course assignments.",5,69.5,2.0,0.0,1.2,1.0,88.0,ok
qwen-qwen2-5-7b-instruct__Factory Method__warehouse-inventory-tracker__rep0,41,qwen25_7b,Factory Method,warehouse-inventory-tracker,"A Java solution for stock intake, item locations, reorder thresholds, supplier restocking, and movement logs.",5,62.96,1.2,0.075,1.6,1.4,86.4,ok
qwen-qwen2-5-7b-instruct__Observer__banking-account-management__rep0,41,qwen25_7b,Observer,banking-account-management,"A Java application for customer accounts, deposits, withdrawals, transfers, statement generation, and audit history.",9,65.44,2.3333333333333335,0.11111111555555556,1.5555555555555556,1.3333333333333333,86.22222222222223,ok
qwen-qwen2-5-7b-instruct__Observer__car-rental-management__rep0,41,qwen25_7b,Observer,car-rental-management,"A Java application to manage fleet inventory, reservations, vehicle pickup/return, pricing, and maintenance status.",5,62.09,1.8,0.137142872,1.8,1.2,86.4,ok
qwen-qwen2-5-7b-instruct__Observer__food-delivery-management__rep0,41,qwen25_7b,Observer,food-delivery-management,"A Java backend for restaurants, menus, customer orders, delivery assignment, and order status tracking.",5,60.87,1.2,0.16666666800000002,2.2,1.6,84.8,ok
qwen-qwen2-5-7b-instruct__Observer__gym-membership-platform__rep0,41,qwen25_7b,Observer,gym-membership-platform,"A Java system for memberships, class schedules, trainer booking, attendance check-ins, and payment tracking.",4,63.21,2.75,0.1875,3.25,1.0,84.0,ok
qwen-qwen2-5-7b-instruct__Observer__hospital-appointment-scheduler__rep0,41,qwen25_7b,Observer,hospital-appointment-scheduler,"A Java application to manage doctors, patients, appointment slots, check-ins, and visit history for a clinic.",10,59.3,1.8,0.22373016999999998,1.5,1.1,83.8,ok
qwen-qwen2-5-7b-instruct__Observer__hotel-reservation-system__rep0,41,qwen25_7b,Observer,hotel-reservation-system,"A Java system for room inventory, bookings, check-in/check-out, pricing plans, and guest billing.",5,63.99,1.6,0.146666668,1.8,1.2,84.8,ok
qwen-qwen2-5-7b-instruct__Observer__issue-tracking-system__rep0,41,qwen25_7b,Observer,issue-tracking-system,"A Java project tracker for ticket creation, assignment, status workflow, comments, and priority handling.",7,62.35,1.4285714285714286,0.17252747142857144,1.8571428571428572,1.1428571428571428,83.14285714285714,ok
qwen-qwen2-5-7b-instruct__Observer__learning-management-system__rep0,41,qwen25_7b,Observer,learning-management-system,"A Java LMS for courses, lesson modules, assignments, submissions, grading, and progress tracking.",5,60.32,2.2,0.30833332,3.0,1.2,83.2,ok
qwen-qwen2-5-7b-instruct__Observer__library-management-system__rep0,41,qwen25_7b,Observer,library-management-system,"A Java system for managing books, members, borrowing/returns, due dates, and late fees in a public library.",7,58.77,1.25,0.19657738375,2.875,1.0,82.75,ok
qwen-qwen2-5-7b-instruct__Observer__payroll-and-hr-system__rep0,41,qwen25_7b,Observer,payroll-and-hr-system,"A Java HR/payroll system for employee records, leave requests, salary calculation, payslips, and tax deductions.",10,64.04,1.3,0.13666667,1.5,1.1,85.6,ok
qwen-qwen2-5-7b-instruct__Observer__school-management-platform__rep0,41,qwen25_7b,Observer,school-management-platform,"A Java platform for student enrollment, class scheduling, grades, attendance, and teacher-course assignments.",5,62.74,1.4,0.21333333999999998,2.0,1.0,84.8,ok
qwen-qwen2-5-7b-instruct__Observer__warehouse-inventory-tracker__rep0,41,qwen25_7b,Observer,warehouse-inventory-tracker,"A Java solution for stock intake, item locations, reorder thresholds, supplier restocking, and movement logs.",4,65.16,1.5,0.125,1.25,1.0,86.0,ok
qwen-qwen2-5-7b-instruct__Singleton__banking-account-management__rep0,41,qwen25_7b,Singleton,banking-account-management,"A Java application for customer accounts, deposits, withdrawals, transfers, statement generation, and audit history.",4,56.38,1.75,0.26666665,3.25,1.0,84.0,ok
qwen-qwen2-5-7b-instruct__Singleton__car-rental-management__rep0,41,qwen25_7b,Singleton,car-rental-management,"A Java application to manage fleet inventory, reservations, vehicle pickup/return, pricing, and maintenance status.",3,70.29,1.0,0.22222223333333332,1.3333333333333333,1.0,85.33333333333333,ok
qwen-qwen2-5-7b-instruct__Singleton__food-delivery-management__rep0,41,qwen25_7b,Singleton,food-delivery-management,"A Java backend for restaurants, menus, customer orders, delivery assignment, and order status tracking.",8,62.99,1.875,0.2333333375,1.25,1.0,84.0,ok
qwen-qwen2-5-7b-instruct__Singleton__gym-membership-platform__rep0,41,qwen25_7b,Singleton,gym-membership-platform,"A Java system for memberships, class schedules, trainer booking, attendance check-ins, and payment tracking.",6,55.26,1.6666666666666667,0.6018518916666667,4.333333333333333,1.0,74.66666666666667,ok
qwen-qwen2-5-7b-instruct__Singleton__hospital-appointment-scheduler__rep0,41,qwen25_7b,Singleton,hospital-appointment-scheduler,"A Java application to manage doctors, patients, appointment slots, check-ins, and visit history for a clinic.",6,64.23,1.6666666666666667,0.5555555833333333,2.5,1.0,81.33333333333333,ok
qwen-qwen2-5-7b-instruct__Singleton__hotel-reservation-system__rep0,41,qwen25_7b,Singleton,hotel-reservation-system,"A Java system for room inventory, bookings, check-in/check-out, pricing plans, and guest billing.",5,64.95,1.6,0.56666668,1.6,1.0,78.4,ok
qwen-qwen2-5-7b-instruct__Singleton__issue-tracking-system__rep0,41,qwen25_7b,Singleton,issue-tracking-system,"A Java project tracker for ticket creation, assignment, status workflow, comments, and priority handling.",2,58.87,1.0,0.428571435,3.5,1.0,80.0,ok
qwen-qwen2-5-7b-instruct__Singleton__learning-management-system__rep0,41,qwen25_7b,Singleton,learning-management-system,"A Java LMS for courses, lesson modules, assignments, submissions, grading, and progress tracking.",3,66.86,1.3333333333333333,0.22222223333333332,1.3333333333333333,1.0,85.33333333333333,ok
qwen-qwen2-5-7b-instruct__Singleton__library-management-system__rep0,41,qwen25_7b,Singleton,library-management-system,"A Java system for managing books, members, borrowing/returns, due dates, and late fees in a public library.",4,62.37,1.0,0.3625,0.5,1.0,82.0,ok
qwen-qwen2-5-7b-instruct__Singleton__payroll-and-hr-system__rep0,41,qwen25_7b,Singleton,payroll-and-hr-system,"A Java HR/payroll system for employee records, leave requests, salary calculation, payslips, and tax deductions.",2,58.52,1.0,0.428571435,3.5,1.0,80.0,ok
qwen-qwen2-5-7b-instruct__Singleton__school-management-platform__rep0,41,qwen25_7b,Singleton,school-management-platform,"A Java platform for student enrollment, class scheduling, grades, attendance, and teacher-course assignments.",2,65.83,1.0,0.33333335,1.5,1.0,84.0,ok
qwen-qwen2-5-7b-instruct__Singleton__warehouse-inventory-tracker__rep0,41,qwen25_7b,Singleton,warehouse-inventory-tracker,"A Java solution for stock intake, item locations, reorder thresholds, supplier restocking, and movement logs.",2,57.69,1.0,0.428571435,3.5,1.0,80.0,ok
qwen-qwen2-5-7b-instruct__Strategy__banking-account-management__rep0,41,qwen25_7b,Strategy,banking-account-management,"A Java application for customer accounts, deposits, withdrawals, transfers, statement generation, and audit history.",5,63.11,1.4,0.085714292,3.2,1.0,86.4,ok
qwen-qwen2-5-7b-instruct__Strategy__car-rental-management__rep0,41,qwen25_7b,Strategy,car-rental-management,"A Java application to manage fleet inventory, reservations, vehicle pickup/return, pricing, and maintenance status.",5,65.8,1.4,0.15666668,2.4,1.0,86.4,ok
qwen-qwen2-5-7b-instruct__Strategy__food-delivery-management__rep0,41,qwen25_7b,Strategy,food-delivery-management,"A Java backend for restaurants, menus, customer orders, delivery assignment, and order status tracking.",5,70.05,1.2,0.0,0.8,1.0,88.0,ok
qwen-qwen2-5-7b-instruct__Strategy__gym-membership-platform__rep0,41,qwen25_7b,Strategy,gym-membership-platform,"A Java system for memberships, class schedules, trainer booking, attendance check-ins, and payment tracking.",7,68.24,1.5714285714285714,0.04761904857142857,0.7142857142857143,1.2857142857142858,86.85714285714286,ok
qwen-qwen2-5-7b-instruct__Strategy__hospital-appointment-scheduler__rep0,41,qwen25_7b,Strategy,hospital-appointment-scheduler,"A Java application to manage doctors, patients, appointment slots, check-ins, and visit history for a clinic.",7,64.87,1.8571428571428572,0.12380952857142856,2.142857142857143,1.0,85.71428571428571,ok
qwen-qwen2-5-7b-instruct__Strategy__hotel-reservation-system__rep0,41,qwen25_7b,Strategy,hotel-reservation-system,"A Java system for room inventory, bookings, check-in/check-out, pricing plans, and guest billing.",6,64.46,1.5,0.11111111166666666,0.8333333333333334,1.0,86.66666666666667,ok
qwen-qwen2-5-7b-instruct__Strategy__issue-tracking-system__rep0,41,qwen25_7b,Strategy,issue-tracking-system,"A Java project tracker for ticket creation, assignment, status workflow, comments, and priority handling.",5,73.45,1.2,0.0,1.2,1.0,88.0,ok
qwen-qwen2-5-7b-instruct__Strategy__learning-management-system__rep0,41,qwen25_7b,Strategy,learning-management-system,"A Java LMS for courses, lesson modules, assignments, submissions, grading, and progress tracking.",7,65.68,1.4285714285714286,0.13095238285714286,1.0,1.0,84.57142857142857,ok
qwen-qwen2-5-7b-instruct__Strategy__library-management-system__rep0,41,qwen25_7b,Strategy,library-management-system,"A Java system for managing books, members, borrowing/returns, due dates, and late fees in a public library.",7,62.28,1.2857142857142858,0.2928571485714286,1.1428571428571428,1.0,83.42857142857143,ok
qwen-qwen2-5-7b-instruct__Strategy__payroll-and-hr-system__rep0,41,qwen25_7b,Strategy,payroll-and-hr-system,"A Java HR/payroll system for employee records, leave requests, salary calculation, payslips, and tax deductions.",5,68.46,1.4,0.1,1.2,1.0,86.4,ok
qwen-qwen2-5-7b-instruct__Strategy__school-management-platform__rep0,41,qwen25_7b,Strategy,school-management-platform,"A Java platform for student enrollment, class scheduling, grades, attendance, and teacher-course assignments.",4,70.32,1.25,0.0,0.75,1.0,88.0,ok
qwen-qwen2-5-7b-instruct__Strategy__warehouse-inventory-tracker__rep0,41,qwen25_7b,Strategy,warehouse-inventory-tracker,"A Java solution for stock intake, item locations, reorder thresholds, supplier restocking, and movement logs.",4,69.97,0.75,0.0,0.75,1.0,88.0,ok
qwen-qwen2-5-7b-instruct__Composite__banking-account-management__rep0,42,qwen25_7b,Composite,banking-account-management,"A Java application for customer accounts, deposits, withdrawals, transfers, statement generation, and audit history.",4,54.94,1.5,0.2142857175,3.0,1.0,84.0,ok
qwen-qwen2-5-7b-instruct__Composite__car-rental-management__rep0,42,qwen25_7b,Composite,car-rental-management,"A Java application to manage fleet inventory, reservations, vehicle pickup/return, pricing, and maintenance status.",6,62.43,2.875,0.1875,1.625,1.25,85.0,ok
qwen-qwen2-5-7b-instruct__Composite__food-delivery-management__rep0,42,qwen25_7b,Composite,food-delivery-management,"A Java backend for restaurants, menus, customer orders, delivery assignment, and order status tracking.",5,66.25,1.4,0.066666668,1.0,1.4,86.4,ok
qwen-qwen2-5-7b-instruct__Composite__gym-membership-platform__rep0,42,qwen25_7b,Composite,gym-membership-platform,"A Java system for memberships, class schedules, trainer booking, attendance check-ins, and payment tracking.",9,60.29,0.8888888888888888,0.2731481488888889,1.1111111111111112,1.4444444444444444,82.44444444444444,ok
qwen-qwen2-5-7b-instruct__Composite__hospital-appointment-scheduler__rep0,42,qwen25_7b,Composite,hospital-appointment-scheduler,"A Java application to manage doctors, patients, appointment slots, check-ins, and visit history for a clinic.",6,65.89,1.1666666666666667,0.0,1.3333333333333333,1.0,88.0,ok
qwen-qwen2-5-7b-instruct__Composite__hotel-reservation-system__rep0,42,qwen25_7b,Composite,hotel-reservation-system,"A Java system for room inventory, bookings, check-in/check-out, pricing plans, and guest billing.",4,57.09,1.75,0.291666675,1.5,1.0,84.0,ok
qwen-qwen2-5-7b-instruct__Composite__issue-tracking-system__rep0,42,qwen25_7b,Composite,issue-tracking-system,"A Java project tracker for ticket creation, assignment, status workflow, comments, and priority handling.",8,65.38,2.5,0.0625,2.0,1.25,86.0,ok
qwen-qwen2-5-7b-instruct__Composite__learning-management-system__rep0,42,qwen25_7b,Composite,learning-management-system,"A Java LMS for courses, lesson modules, assignments, submissions, grading, and progress tracking.",6,62.09,1.6666666666666667,0.16666666666666666,1.6666666666666667,1.3333333333333333,84.0,ok
qwen-qwen2-5-7b-instruct__Composite__library-management-system__rep0,42,qwen25_7b,Composite,library-management-system,"A Java system for managing books, members, borrowing/returns, due dates, and late fees in a public library.",6,66.25,1.8571428571428572,0.07936508571428572,1.5714285714285714,1.1428571428571428,86.85714285714286,ok
qwen-qwen2-5-7b-instruct__Composite__payroll-and-hr-system__rep0,42,qwen25_7b,Composite,payroll-and-hr-system,"A Java HR/payroll system for employee records, leave requests, salary calculation, payslips, and tax deductions.",4,54.59,1.5,0.171875,2.5,1.5,86.0,ok
qwen-qwen2-5-7b-instruct__Composite__school-management-platform__rep0,42,qwen25_7b,Composite,school-management-platform,"A Java platform for student enrollment, class scheduling, grades, attendance, and teacher-course assignments.",7,62.66,2.5714285714285716,0.19047619428571427,1.5714285714285714,1.2857142857142858,83.42857142857143,ok
qwen-qwen2-5-7b-instruct__Composite__warehouse-inventory-tracker__rep0,42,qwen25_7b,Composite,warehouse-inventory-tracker,"A Java solution for stock intake, item locations, reorder thresholds, supplier restocking, and movement logs.",4,60.67,1.25,0.25,2.75,1.0,84.0,ok
qwen-qwen2-5-7b-instruct__Factory Method__banking-account-management__rep0,42,qwen25_7b,Factory Method,banking-account-management,"A Java application for customer accounts, deposits, withdrawals, transfers, statement generation, and audit history.",6,62.73,1.8333333333333333,0.12698413333333333,1.5,1.5,85.33333333333333,ok
qwen-qwen2-5-7b-instruct__Factory Method__car-rental-management__rep0,42,qwen25_7b,Factory Method,car-rental-management,"A Java application to manage fleet inventory, reservations, vehicle pickup/return, pricing, and maintenance status.",7,66.25,1.8571428571428572,0.08571428571428572,0.8571428571428571,1.2857142857142858,86.85714285714286,ok
qwen-qwen2-5-7b-instruct__Factory Method__food-delivery-management__rep0,42,qwen25_7b,Factory Method,food-delivery-management,"A Java backend for restaurants, menus, customer orders, delivery assignment, and order status tracking.",7,73.61,1.8571428571428572,0.0,0.5714285714285714,1.0,88.0,ok
qwen-qwen2-5-7b-instruct__Factory Method__gym-membership-platform__rep0,42,qwen25_7b,Factory Method,gym-membership-platform,"A Java system for memberships, class schedules, trainer booking, attendance check-ins, and payment tracking.",4,70.11,1.5,0.083333335,1.0,1.0,86.0,ok
qwen-qwen2-5-7b-instruct__Factory Method__hospital-appointment-scheduler__rep0,42,qwen25_7b,Factory Method,hospital-appointment-scheduler,"A Java application to manage doctors, patients, appointment slots, check-ins, and visit history for a clinic.",8,58.71,2.875,0.363690485,1.5,1.0,79.5,ok
qwen-qwen2-5-7b-instruct__Factory Method__hotel-reservation-system__rep0,42,qwen25_7b,Factory Method,hotel-reservation-system,"A Java system for room inventory, bookings, check-in/check-out, pricing plans, and guest billing.",7,65.79,2.0,0.05925926222222222,0.8888888888888888,1.2222222222222223,87.11111111111111,ok
qwen-qwen2-5-7b-instruct__Factory Method__issue-tracking-system__rep0,42,qwen25_7b,Factory Method,issue-tracking-system,"A Java project tracker for ticket creation, assignment, status workflow, comments, and priority handling.",4,60.35,1.75,0.1923077,2.25,1.25,81.5,ok
qwen-qwen2-5-7b-instruct__Factory Method__learning-management-system__rep0,42,qwen25_7b,Factory Method,learning-management-system,"A Java LMS for courses, lesson modules, assignments, submissions, grading, and progress tracking.",6,65.55,1.6666666666666667,0.11111111333333333,1.1666666666666667,1.3333333333333333,85.33333333333333,ok
qwen-qwen2-5-7b-instruct__Factory Method__library-management-system__rep0,42,qwen25_7b,Factory Method,library-management-system,"A Java system for managing books, members, borrowing/returns, due dates, and late fees in a public library.",8,65.18,2.125,0.1041666675,0.75,1.0,84.75,ok
qwen-qwen2-5-7b-instruct__Factory Method__payroll-and-hr-system__rep0,42,qwen25_7b,Factory Method,payroll-and-hr-system,"A Java HR/payroll system for employee records, leave requests, salary calculation, payslips, and tax deductions.",6,65.61,2.0,0.055555556666666665,1.1666666666666667,1.3333333333333333,86.66666666666667,ok
qwen-qwen2-5-7b-instruct__Factory Method__school-management-platform__rep0,42,qwen25_7b,Factory Method,school-management-platform,"A Java platform for student enrollment, class scheduling, grades, attendance, and teacher-course assignments.",5,66.79,1.8333333333333333,0.11111111333333333,0.8333333333333334,1.0,85.33333333333333,ok
qwen-qwen2-5-7b-instruct__Factory Method__warehouse-inventory-tracker__rep0,42,qwen25_7b,Factory Method,warehouse-inventory-tracker,"A Java solution for stock intake, item locations, reorder thresholds, supplier restocking, and movement logs.",6,62.2,2.3333333333333335,0.1944444466666667,1.5,1.0,84.0,ok
qwen-qwen2-5-7b-instruct__Observer__banking-account-management__rep0,42,qwen25_7b,Observer,banking-account-management,"A Java application for customer accounts, deposits, withdrawals, transfers, statement generation, and audit history.",6,65.5,1.7142857142857142,0.10884353857142856,1.5714285714285714,1.0,85.71428571428571,ok
qwen-qwen2-5-7b-instruct__Observer__car-rental-management__rep0,42,qwen25_7b,Observer,car-rental-management,"A Java application to manage fleet inventory, reservations, vehicle pickup/return, pricing, and maintenance status.",5,65.27,1.2,0.204166668,1.6,1.0,84.8,ok
qwen-qwen2-5-7b-instruct__Observer__food-delivery-management__rep0,42,qwen25_7b,Observer,food-delivery-management,"A Java backend for restaurants, menus, customer orders, delivery assignment, and order status tracking.",5,64.24,1.8,0.066666668,2.2,1.2,86.4,ok
qwen-qwen2-5-7b-instruct__Observer__gym-membership-platform__rep0,42,qwen25_7b,Observer,gym-membership-platform,"A Java system for memberships, class schedules, trainer booking, attendance check-ins, and payment tracking.",9,55.33,0.8181818181818182,0.35454546363636363,1.3636363636363635,1.0,82.9090909090909,ok
qwen-qwen2-5-7b-instruct__Observer__hospital-appointment-scheduler__rep0,42,qwen25_7b,Observer,hospital-appointment-scheduler,"A Java application to manage doctors, patients, appointment slots, check-ins, and visit history for a clinic.",6,62.05,1.1666666666666667,0.24768518333333334,1.0,1.0,84.0,ok
qwen-qwen2-5-7b-instruct__Observer__hotel-reservation-system__rep0,42,qwen25_7b,Observer,hotel-reservation-system,"A Java system for room inventory, bookings, check-in/check-out, pricing plans, and guest billing.",4,64.58,1.5,0.26190476749999997,1.75,1.0,82.0,ok
qwen-qwen2-5-7b-instruct__Observer__issue-tracking-system__rep0,42,qwen25_7b,Observer,issue-tracking-system,"A Java project tracker for ticket creation, assignment, status workflow, comments, and priority handling.",5,62.61,1.4,0.250000008,1.6,1.0,83.2,ok
qwen-qwen2-5-7b-instruct__Observer__learning-management-system__rep0,42,qwen25_7b,Observer,learning-management-system,"A Java LMS for courses, lesson modules, assignments, submissions, grading, and progress tracking.",4,70.21,1.25,0.166666675,1.0,1.0,86.0,ok
qwen-qwen2-5-7b-instruct__Observer__library-management-system__rep0,42,qwen25_7b,Observer,library-management-system,"A Java system for managing books, members, borrowing/returns, due dates, and late fees in a public library.",6,64.62,1.6666666666666667,0.15277777333333334,1.8333333333333333,1.3333333333333333,85.33333333333333,ok
qwen-qwen2-5-7b-instruct__Observer__payroll-and-hr-system__rep0,42,qwen25_7b,Observer,payroll-and-hr-system,"A Java HR/payroll system for employee records, leave requests, salary calculation, payslips, and tax deductions.",9,64.09,1.5555555555555556,0.09629629999999999,2.4444444444444446,1.1111111111111112,86.22222222222223,ok
qwen-qwen2-5-7b-instruct__Observer__school-management-platform__rep0,42,qwen25_7b,Observer,school-management-platform,"A Java platform for student enrollment, class scheduling, grades, attendance, and teacher-course assignments.",5,64.5,1.2,0.2,1.6,1.2,84.8,ok
qwen-qwen2-5-7b-instruct__Observer__warehouse-inventory-tracker__rep0,42,qwen25_7b,Observer,warehouse-inventory-tracker,"A Java solution for stock intake, item locations, reorder thresholds, supplier restocking, and movement logs.",5,64.89,1.8,0.186666672,2.0,1.0,84.8,ok
qwen-qwen2-5-7b-instruct__Singleton__banking-account-management__rep0,42,qwen25_7b,Singleton,banking-account-management,"A Java application for customer accounts, deposits, withdrawals, transfers, statement generation, and audit history.",6,58.48,1.0,0.16666666833333332,2.8333333333333335,1.0,85.33333333333333,ok
qwen-qwen2-5-7b-instruct__Singleton__car-rental-management__rep0,42,qwen25_7b,Singleton,car-rental-management,"A Java application to manage fleet inventory, reservations, vehicle pickup/return, pricing, and maintenance status.",3,60.91,1.0,0.22222223333333332,2.6666666666666665,1.0,85.33333333333333,ok
qwen-qwen2-5-7b-instruct__Singleton__food-delivery-management__rep0,42,qwen25_7b,Singleton,food-delivery-management,"A Java backend for restaurants, menus, customer orders, delivery assignment, and order status tracking.",6,65.7,1.3333333333333333,0.25,1.8333333333333333,1.0,84.0,ok
qwen-qwen2-5-7b-instruct__Singleton__gym-membership-platform__rep0,42,qwen25_7b,Singleton,gym-membership-platform,"A Java system for memberships, class schedules, trainer booking, attendance check-ins, and payment tracking.",6,55.96,1.6666666666666667,0.6018518916666667,3.8333333333333335,1.0,74.66666666666667,ok
qwen-qwen2-5-7b-instruct__Singleton__hospital-appointment-scheduler__rep0,42,qwen25_7b,Singleton,hospital-appointment-scheduler,"A Java application to manage doctors, patients, appointment slots, check-ins, and visit history for a clinic.",6,61.72,1.6666666666666667,0.7333333333333334,0.8333333333333334,1.0,73.33333333333333,ok
qwen-qwen2-5-7b-instruct__Singleton__hotel-reservation-system__rep0,42,qwen25_7b,Singleton,hotel-reservation-system,"A Java system for room inventory, bookings, check-in/check-out, pricing plans, and guest billing.",3,61.6,1.3333333333333333,0.16666666666666666,2.6666666666666665,1.0,85.33333333333333,ok
qwen-qwen2-5-7b-instruct__Singleton__issue-tracking-system__rep0,42,qwen25_7b,Singleton,issue-tracking-system,"A Java project tracker for ticket creation, assignment, status workflow, comments, and priority handling.",5,63.82,1.2,0.29411763999999996,1.6,1.0,81.2,ok
qwen-qwen2-5-7b-instruct__Singleton__learning-management-system__rep0,42,qwen25_7b,Singleton,learning-management-system,"A Java LMS for courses, lesson modules, assignments, submissions, grading, and progress tracking.",7,60.09,1.625,0.2083333375,1.75,1.0,83.0,ok
qwen-qwen2-5-7b-instruct__Singleton__library-management-system__rep0,42,qwen25_7b,Singleton,library-management-system,"A Java system for managing books, members, borrowing/returns, due dates, and late fees in a public library.",6,68.6,1.6666666666666667,0.4166666666666667,1.6666666666666667,1.0,81.33333333333333,ok
qwen-qwen2-5-7b-instruct__Singleton__payroll-and-hr-system__rep0,42,qwen25_7b,Singleton,payroll-and-hr-system,"A Java HR/payroll system for employee records, leave requests, salary calculation, payslips, and tax deductions.",6,60.67,1.6666666666666667,0.2916666666666667,2.6666666666666665,1.0,82.66666666666667,ok
qwen-qwen2-5-7b-instruct__Singleton__school-management-platform__rep0,42,qwen25_7b,Singleton,school-management-platform,"A Java platform for student enrollment, class scheduling, grades, attendance, and teacher-course assignments.",2,67.41,1.0,0.33333335,1.5,1.0,84.0,ok
qwen-qwen2-5-7b-instruct__Singleton__warehouse-inventory-tracker__rep0,42,qwen25_7b,Singleton,warehouse-inventory-tracker,"A Java solution for stock intake, item locations, reorder thresholds, supplier restocking, and movement logs.",5,60.71,1.2,0.166666674,1.8,1.0,86.4,ok
qwen-qwen2-5-7b-instruct__Strategy__banking-account-management__rep0,42,qwen25_7b,Strategy,banking-account-management,"A Java application for customer accounts, deposits, withdrawals, transfers, statement generation, and audit history.",5,64.46,1.2,0.1,2.0,1.0,86.4,ok
qwen-qwen2-5-7b-instruct__Strategy__car-rental-management__rep0,42,qwen25_7b,Strategy,car-rental-management,"A Java application to manage fleet inventory, reservations, vehicle pickup/return, pricing, and maintenance status.",8,70.47,1.75,0.0416666675,1.25,1.5,85.75,ok
qwen-qwen2-5-7b-instruct__Strategy__food-delivery-management__rep0,42,qwen25_7b,Strategy,food-delivery-management,"A Java backend for restaurants, menus, customer orders, delivery assignment, and order status tracking.",5,71.52,1.2,0.0,1.0,1.0,88.0,ok
qwen-qwen2-5-7b-instruct__Strategy__gym-membership-platform__rep0,42,qwen25_7b,Strategy,gym-membership-platform,"A Java system for memberships, class schedules, trainer booking, attendance check-ins, and payment tracking.",5,66.71,1.2,0.116666668,1.0,1.0,84.8,ok
qwen-qwen2-5-7b-instruct__Strategy__hospital-appointment-scheduler__rep0,42,qwen25_7b,Strategy,hospital-appointment-scheduler,"A Java application to manage doctors, patients, appointment slots, check-ins, and visit history for a clinic.",6,67.66,1.5,0.14814815666666667,1.0,1.0,85.33333333333333,ok
qwen-qwen2-5-7b-instruct__Strategy__hotel-reservation-system__rep0,42,qwen25_7b,Strategy,hotel-reservation-system,"A Java system for room inventory, bookings, check-in/check-out, pricing plans, and guest billing.",5,66.14,1.2,0.08888889,0.8,1.0,86.4,ok
qwen-qwen2-5-7b-instruct__Strategy__issue-tracking-system__rep0,42,qwen25_7b,Strategy,issue-tracking-system,"A Java project tracker for ticket creation, assignment, status workflow, comments, and priority handling.",5,67.3,1.4,0.066666668,1.2,1.0,86.4,ok
qwen-qwen2-5-7b-instruct__Strategy__learning-management-system__rep0,42,qwen25_7b,Strategy,learning-management-system,"A Java LMS for courses, lesson modules, assignments, submissions, grading, and progress tracking.",7,59.84,2.5714285714285716,0.3214285571428572,2.2857142857142856,1.0,83.42857142857143,ok
qwen-qwen2-5-7b-instruct__Strategy__library-management-system__rep0,42,qwen25_7b,Strategy,library-management-system,"A Java system for managing books, members, borrowing/returns, due dates, and late fees in a public library.",6,60.75,2.0,0.13888889000000001,1.5,1.0,85.33333333333333,ok
qwen-qwen2-5-7b-instruct__Strategy__payroll-and-hr-system__rep0,42,qwen25_7b,Strategy,payroll-and-hr-system,"A Java HR/payroll system for employee records, leave requests, salary calculation, payslips, and tax deductions.",5,67.4,1.4,0.10666667199999999,0.6,1.0,86.4,ok
qwen-qwen2-5-7b-instruct__Strategy__school-management-platform__rep0,42,qwen25_7b,Strategy,school-management-platform,"A Java platform for student enrollment, class scheduling, grades, attendance, and teacher-course assignments.",5,69.34,1.2,0.0,1.0,1.0,88.0,ok
qwen-qwen2-5-7b-instruct__Strategy__warehouse-inventory-tracker__rep0,42,qwen25_7b,Strategy,warehouse-inventory-tracker,"A Java solution for stock intake, item locations, reorder thresholds, supplier restocking, and movement logs.",5,69.35,1.2,0.0,1.0,1.0,88.0,ok
meta-llama-llama-3-1-8b-instruct__Composite__banking-account-management__rep0,40,llama31_8b,Composite,banking-account-management,"A Java application for customer accounts, deposits, withdrawals, transfers, statement generation, and audit history.",5,56.27,2.0,0.08,4.0,1.0,88.0,ok
meta-llama-llama-3-1-8b-instruct__Composite__car-rental-management__rep0,40,llama31_8b,Composite,car-rental-management,"A Java application to manage fleet inventory, reservations, vehicle pickup/return, pricing, and maintenance status.",5,58.6,1.2,0.13333334,1.0,1.4,86.4,ok
meta-llama-llama-3-1-8b-instruct__Composite__food-delivery-management__rep0,40,llama31_8b,Composite,food-delivery-management,"A Java backend for restaurants, menus, customer orders, delivery assignment, and order status tracking.",7,61.27,1.8571428571428572,0.10714285714285714,1.8571428571428572,1.2857142857142858,85.71428571428571,ok
meta-llama-llama-3-1-8b-instruct__Composite__gym-membership-platform__rep0,40,llama31_8b,Composite,gym-membership-platform,"A Java system for memberships, class schedules, trainer booking, attendance check-ins, and payment tracking.",7,61.39,1.2857142857142858,0.12380952857142856,1.8571428571428572,1.2857142857142858,85.71428571428571,ok
meta-llama-llama-3-1-8b-instruct__Composite__hospital-appointment-scheduler__rep0,40,llama31_8b,Composite,hospital-appointment-scheduler,"A Java application to manage doctors, patients, appointment slots, check-ins, and visit history for a clinic.",5,59.94,1.4,0.25,2.4,1.0,83.2,ok
meta-llama-llama-3-1-8b-instruct__Composite__hotel-reservation-system__rep0,40,llama31_8b,Composite,hotel-reservation-system,"A Java system for room inventory, bookings, check-in/check-out, pricing plans, and guest billing.",8,60.77,1.75,0.177083335,2.75,1.0,84.0,ok
meta-llama-llama-3-1-8b-instruct__Composite__issue-tracking-system__rep0,40,llama31_8b,Composite,issue-tracking-system,"A Java project tracker for ticket creation, assignment, status workflow, comments, and priority handling.",6,68.13,1.0,0.027777778333333333,1.0,1.0,88.0,ok
meta-llama-llama-3-1-8b-instruct__Composite__learning-management-system__rep0,40,llama31_8b,Composite,learning-management-system,"A Java LMS for courses, lesson modules, assignments, submissions, grading, and progress tracking.",5,60.27,1.2,0.16666666800000002,2.4,1.6,84.8,ok
meta-llama-llama-3-1-8b-instruct__Composite__library-management-system__rep0,40,llama31_8b,Composite,library-management-system,"A Java system for managing books, members, borrowing/returns, due dates, and late fees in a public library.",6,63.21,1.6666666666666667,0.13888889000000001,1.1666666666666667,1.5,85.33333333333333,ok
meta-llama-llama-3-1-8b-instruct__Composite__payroll-and-hr-system__rep0,40,llama31_8b,Composite,payroll-and-hr-system,"A Java HR/payroll system for employee records, leave requests, salary calculation, payslips, and tax deductions.",4,58.09,1.5,0.1666666675,2.25,1.5,86.0,ok
meta-llama-llama-3-1-8b-instruct__Composite__school-management-platform__rep0,40,llama31_8b,Composite,school-management-platform,"A Java platform for student enrollment, class scheduling, grades, attendance, and teacher-course assignments.",5,62.04,1.2,0.1,1.6,1.4,86.4,ok
meta-llama-llama-3-1-8b-instruct__Composite__warehouse-inventory-tracker__rep0,40,llama31_8b,Composite,warehouse-inventory-tracker,"A Java solution for stock intake, item locations, reorder thresholds, supplier restocking, and movement logs.",7,66.84,1.4285714285714286,0.13492063571428572,1.2857142857142858,1.1428571428571428,85.71428571428571,ok
meta-llama-llama-3-1-8b-instruct__Factory Method__banking-account-management__rep0,40,llama31_8b,Factory Method,banking-account-management,"A Java application for customer accounts, deposits, withdrawals, transfers, statement generation, and audit history.",5,56.22,2.0,0.142857146,2.8,1.4,84.8,ok
meta-llama-llama-3-1-8b-instruct__Factory Method__car-rental-management__rep0,40,llama31_8b,Factory Method,car-rental-management,"A Java application to manage fleet inventory, reservations, vehicle pickup/return, pricing, and maintenance status.",5,63.16,1.4,0.2,1.6,1.0,84.8,ok
meta-llama-llama-3-1-8b-instruct__Factory Method__food-delivery-management__rep0,40,llama31_8b,Factory Method,food-delivery-management,"A Java backend for restaurants, menus, customer orders, delivery assignment, and order status tracking.",7,66.56,2.0,0.125,1.4285714285714286,1.2857142857142858,85.71428571428571,ok
meta-llama-llama-3-1-8b-instruct__Factory Method__gym-membership-platform__rep0,40,llama31_8b,Factory Method,gym-membership-platform,"A Java system for memberships, class schedules, trainer booking, attendance check-ins, and payment tracking.",5,69.62,1.4,0.066666668,1.0,1.4,86.4,ok
meta-llama-llama-3-1-8b-instruct__Factory Method__hospital-appointment-scheduler__rep0,40,llama31_8b,Factory Method,hospital-appointment-scheduler,"A Java application to manage doctors, patients, appointment slots, check-ins, and visit history for a clinic.",8,68.6,2.125,0.083333335,0.75,1.0,86.0,ok
meta-llama-llama-3-1-8b-instruct__Factory Method__hotel-reservation-system__rep0,40,llama31_8b,Factory Method,hotel-reservation-system,"A Java system for room inventory, bookings, check-in/check-out, pricing plans, and guest billing.",7,68.23,1.8571428571428572,0.0,0.7142857142857143,1.0,88.0,ok
meta-llama-llama-3-1-8b-instruct__Factory Method__issue-tracking-system__rep0,40,llama31_8b,Factory Method,issue-tracking-system,"A Java project tracker for ticket creation, assignment, status workflow, comments, and priority handling.",5,60.26,1.0,0.14285715999999998,1.4,1.0,82.8,ok
meta-llama-llama-3-1-8b-instruct__Factory Method__learning-management-system__rep0,40,llama31_8b,Factory Method,learning-management-system,"A Java LMS for courses, lesson modules, assignments, submissions, grading, and progress tracking.",8,63.92,2.125,0.083333335,0.625,1.5,86.0,ok
meta-llama-llama-3-1-8b-instruct__Factory Method__library-management-system__rep0,40,llama31_8b,Factory Method,library-management-system,"A Java system for managing books, members, borrowing/returns, due dates, and late fees in a public library.",6,65.17,1.5,0.08333333333333333,1.5,1.3333333333333333,86.66666666666667,ok
meta-llama-llama-3-1-8b-instruct__Factory Method__payroll-and-hr-system__rep0,40,llama31_8b,Factory Method,payroll-and-hr-system,"A Java HR/payroll system for employee records, leave requests, salary calculation, payslips, and tax deductions.",9,66.73,1.5555555555555556,0.12962963333333333,1.5555555555555556,1.0,86.22222222222223,ok
meta-llama-llama-3-1-8b-instruct__Factory Method__school-management-platform__rep0,40,llama31_8b,Factory Method,school-management-platform,"A Java platform for student enrollment, class scheduling, grades, attendance, and teacher-course assignments.",7,63.09,1.8571428571428572,0.07142857142857142,1.2857142857142858,1.5714285714285714,86.85714285714286,ok
meta-llama-llama-3-1-8b-instruct__Factory Method__warehouse-inventory-tracker__rep0,40,llama31_8b,Factory Method,warehouse-inventory-tracker,"A Java solution for stock intake, item locations, reorder thresholds, supplier restocking, and movement logs.",6,64.7,2.0,0.08928571166666667,0.5,1.3333333333333333,86.66666666666667,ok
meta-llama-llama-3-1-8b-instruct__Observer__banking-account-management__rep0,40,llama31_8b,Observer,banking-account-management,"A Java application for customer accounts, deposits, withdrawals, transfers, statement generation, and audit history.",7,63.03,1.5714285714285714,0.13392857142857142,2.4285714285714284,1.0,85.71428571428571,ok
meta-llama-llama-3-1-8b-instruct__Observer__car-rental-management__rep0,40,llama31_8b,Observer,car-rental-management,"A Java application to manage fleet inventory, reservations, vehicle pickup/return, pricing, and maintenance status.",6,64.89,2.1666666666666665,0.13888889333333332,2.1666666666666665,1.0,85.33333333333333,ok
meta-llama-llama-3-1-8b-instruct__Observer__food-delivery-management__rep0,40,llama31_8b,Observer,food-delivery-management,"A Java backend for restaurants, menus, customer orders, delivery assignment, and order status tracking.",5,65.02,1.6,0.1,2.6,1.0,86.4,ok
meta-llama-llama-3-1-8b-instruct__Observer__gym-membership-platform__rep0,40,llama31_8b,Observer,gym-membership-platform,"A Java system for memberships, class schedules, trainer booking, attendance check-ins, and payment tracking.",9,63.23,1.3333333333333333,0.16296296666666665,1.1111111111111112,1.0,85.33333333333333,ok
meta-llama-llama-3-1-8b-instruct__Observer__hospital-appointment-scheduler__rep0,40,llama31_8b,Observer,hospital-appointment-scheduler,"A Java application to manage doctors, patients, appointment slots, check-ins, and visit history for a clinic.",5,63.05,1.4,0.10357142999999999,2.2,1.0,86.4,ok
meta-llama-llama-3-1-8b-instruct__Observer__hotel-reservation-system__rep0,40,llama31_8b,Observer,hotel-reservation-system,"A Java system for room inventory, bookings, check-in/check-out, pricing plans, and guest billing.",10,63.7,1.9,0.159722228,1.9,1.1,83.8,ok
meta-llama-llama-3-1-8b-instruct__Observer__issue-tracking-system__rep0,40,llama31_8b,Observer,issue-tracking-system,"A Java project tracker for ticket creation, assignment, status workflow, comments, and priority handling.",8,63.53,2.125,0.0833333375,2.375,1.0,87.0,ok
meta-llama-llama-3-1-8b-instruct__Observer__learning-management-system__rep0,40,llama31_8b,Observer,learning-management-system,"A Java LMS for courses, lesson modules, assignments, submissions, grading, and progress tracking.",4,65.31,1.75,0.125,2.0,1.0,86.0,ok
meta-llama-llama-3-1-8b-instruct__Observer__library-management-system__rep0,40,llama31_8b,Observer,library-management-system,"A Java system for managing books, members, borrowing/returns, due dates, and late fees in a public library.",5,61.85,1.2,0.261904762,3.2,1.0,83.2,ok
meta-llama-llama-3-1-8b-instruct__Observer__payroll-and-hr-system__rep0,40,llama31_8b,Observer,payroll-and-hr-system,"A Java HR/payroll system for employee records, leave requests, salary calculation, payslips, and tax deductions.",5,66.36,2.0,0.13333334,1.8,1.0,86.4,ok
meta-llama-llama-3-1-8b-instruct__Observer__school-management-platform__rep0,40,llama31_8b,Observer,school-management-platform,"A Java platform for student enrollment, class scheduling, grades, attendance, and teacher-course assignments.",5,65.09,1.4,0.20666667199999997,1.6,1.0,84.8,ok
meta-llama-llama-3-1-8b-instruct__Observer__warehouse-inventory-tracker__rep0,40,llama31_8b,Observer,warehouse-inventory-tracker,"A Java solution for stock intake, item locations, reorder thresholds, supplier restocking, and movement logs.",6,64.54,1.6666666666666667,0.11666667166666667,1.8333333333333333,1.1666666666666667,86.66666666666667,ok
meta-llama-llama-3-1-8b-instruct__Singleton__banking-account-management__rep0,40,llama31_8b,Singleton,banking-account-management,"A Java application for customer accounts, deposits, withdrawals, transfers, statement generation, and audit history.",7,59.12,2.2857142857142856,0.2149659914285714,3.142857142857143,1.0,84.57142857142857,ok
meta-llama-llama-3-1-8b-instruct__Singleton__car-rental-management__rep0,40,llama31_8b,Singleton,car-rental-management,"A Java application to manage fleet inventory, reservations, vehicle pickup/return, pricing, and maintenance status.",4,58.42,1.5,0.354166675,1.75,1.0,82.0,ok
meta-llama-llama-3-1-8b-instruct__Singleton__food-delivery-management__rep0,40,llama31_8b,Singleton,food-delivery-management,"A Java backend for restaurants, menus, customer orders, delivery assignment, and order status tracking.",5,60.72,1.6,0.316666668,1.6,1.0,83.2,ok
meta-llama-llama-3-1-8b-instruct__Singleton__gym-membership-platform__rep0,40,llama31_8b,Singleton,gym-membership-platform,"A Java system for memberships, class schedules, trainer booking, attendance check-ins, and payment tracking.",6,67.13,1.0,0.306666672,1.2,1.0,83.2,ok
meta-llama-llama-3-1-8b-instruct__Singleton__hospital-appointment-scheduler__rep0,40,llama31_8b,Singleton,hospital-appointment-scheduler,"A Java application to manage doctors, patients, appointment slots, check-ins, and visit history for a clinic.",6,60.41,1.6666666666666667,0.20833333,2.1666666666666665,1.0,84.0,ok
meta-llama-llama-3-1-8b-instruct__Singleton__hotel-reservation-system__rep0,40,llama31_8b,Singleton,hotel-reservation-system,"A Java system for room inventory, bookings, check-in/check-out, pricing plans, and guest billing.",4,61.76,0.75,0.410416675,0.75,1.0,82.0,ok
meta-llama-llama-3-1-8b-instruct__Singleton__issue-tracking-system__rep0,40,llama31_8b,Singleton,issue-tracking-system,"A Java project tracker for ticket creation, assignment, status workflow, comments, and priority handling.",4,51.86,1.5,0.48516485,3.75,1.0,77.5,ok
meta-llama-llama-3-1-8b-instruct__Singleton__learning-management-system__rep0,40,llama31_8b,Singleton,learning-management-system,"A Java LMS for courses, lesson modules, assignments, submissions, grading, and progress tracking.",4,60.96,1.25,0.3125,2.0,1.0,82.0,ok
meta-llama-llama-3-1-8b-instruct__Singleton__library-management-system__rep0,40,llama31_8b,Singleton,library-management-system,"A Java system for managing books, members, borrowing/returns, due dates, and late fees in a public library.",5,60.9,2.0,0.244444436,2.6,1.0,83.2,ok
meta-llama-llama-3-1-8b-instruct__Singleton__payroll-and-hr-system__rep0,40,llama31_8b,Singleton,payroll-and-hr-system,"A Java HR/payroll system for employee records, leave requests, salary calculation, payslips, and tax deductions.",6,63.79,1.5,0.44444446666666665,1.8333333333333333,1.0,82.66666666666667,ok
meta-llama-llama-3-1-8b-instruct__Singleton__school-management-platform__rep0,40,llama31_8b,Singleton,school-management-platform,"A Java platform for student enrollment, class scheduling, grades, attendance, and teacher-course assignments.",2,61.78,1.0,0.33333335,2.5,1.0,84.0,ok
meta-llama-llama-3-1-8b-instruct__Singleton__warehouse-inventory-tracker__rep0,40,llama31_8b,Singleton,warehouse-inventory-tracker,"A Java solution for stock intake, item locations, reorder thresholds, supplier restocking, and movement logs.",3,55.66,1.0,0.24761905333333334,3.6666666666666665,1.0,82.66666666666667,ok
meta-llama-llama-3-1-8b-instruct__Strategy__banking-account-management__rep0,40,llama31_8b,Strategy,banking-account-management,"A Java application for customer accounts, deposits, withdrawals, transfers, statement generation, and audit history.",5,56.89,1.6,0.0333333344,2.8,1.0,88.0,ok
meta-llama-llama-3-1-8b-instruct__Strategy__car-rental-management__rep0,40,llama31_8b,Strategy,car-rental-management,"A Java application to manage fleet inventory, reservations, vehicle pickup/return, pricing, and maintenance status.",6,65.18,1.0,0.09999999999999999,0.6666666666666666,1.3333333333333333,86.66666666666667,ok
meta-llama-llama-3-1-8b-instruct__Strategy__food-delivery-management__rep0,40,llama31_8b,Strategy,food-delivery-management,"A Java backend for restaurants, menus, customer orders, delivery assignment, and order status tracking.",5,67.64,1.2,0.066666668,0.8,1.0,86.4,ok
meta-llama-llama-3-1-8b-instruct__Strategy__gym-membership-platform__rep0,40,llama31_8b,Strategy,gym-membership-platform,"A Java system for memberships, class schedules, trainer booking, attendance check-ins, and payment tracking.",5,73.85,1.2,0.0,1.0,1.0,88.0,ok
meta-llama-llama-3-1-8b-instruct__Strategy__hospital-appointment-scheduler__rep0,40,llama31_8b,Strategy,hospital-appointment-scheduler,"A Java application to manage doctors, patients, appointment slots, check-ins, and visit history for a clinic.",7,64.33,2.857142857142857,0.08571428571428572,2.0,1.0,86.85714285714286,ok
meta-llama-llama-3-1-8b-instruct__Strategy__hotel-reservation-system__rep0,40,llama31_8b,Strategy,hotel-reservation-system,"A Java system for room inventory, bookings, check-in/check-out, pricing plans, and guest billing.",6,65.25,1.8333333333333333,0.11111111333333333,1.1666666666666667,1.0,85.33333333333333,ok
meta-llama-llama-3-1-8b-instruct__Strategy__issue-tracking-system__rep0,40,llama31_8b,Strategy,issue-tracking-system,"A Java project tracker for ticket creation, assignment, status workflow, comments, and priority handling.",7,70.44,1.2857142857142858,0.04761904857142857,0.8571428571428571,1.0,86.85714285714286,ok
meta-llama-llama-3-1-8b-instruct__Strategy__learning-management-system__rep0,40,llama31_8b,Strategy,learning-management-system,"A Java LMS for courses, lesson modules, assignments, submissions, grading, and progress tracking.",10,70.43,1.2222222222222223,0.07407407555555555,1.1111111111111112,1.0,86.22222222222223,ok
meta-llama-llama-3-1-8b-instruct__Strategy__library-management-system__rep0,40,llama31_8b,Strategy,library-management-system,"A Java system for managing books, members, borrowing/returns, due dates, and late fees in a public library.",9,65.63,2.7777777777777777,0.09259259333333333,1.3333333333333333,1.0,86.22222222222223,ok
meta-llama-llama-3-1-8b-instruct__Strategy__payroll-and-hr-system__rep0,40,llama31_8b,Strategy,payroll-and-hr-system,"A Java HR/payroll system for employee records, leave requests, salary calculation, payslips, and tax deductions.",6,63.43,1.3333333333333333,0.09722222333333334,1.5,1.0,85.33333333333333,ok
meta-llama-llama-3-1-8b-instruct__Strategy__school-management-platform__rep0,40,llama31_8b,Strategy,school-management-platform,"A Java platform for student enrollment, class scheduling, grades, attendance, and teacher-course assignments.",6,70.85,1.3333333333333333,0.0,1.0,1.0,88.0,ok
meta-llama-llama-3-1-8b-instruct__Strategy__warehouse-inventory-tracker__rep0,40,llama31_8b,Strategy,warehouse-inventory-tracker,"A Java solution for stock intake, item locations, reorder thresholds, supplier restocking, and movement logs.",6,69.19,1.5,0.0625,0.8333333333333334,1.0,86.66666666666667,ok
meta-llama-llama-3-1-8b-instruct__Composite__banking-account-management__rep0,41,llama31_8b,Composite,banking-account-management,"A Java application for customer accounts, deposits, withdrawals, transfers, statement generation, and audit history.",5,53.43,2.0,0.263492068,5.8,1.4,81.2,ok
meta-llama-llama-3-1-8b-instruct__Composite__car-rental-management__rep0,41,llama31_8b,Composite,car-rental-management,"A Java application to manage fleet inventory, reservations, vehicle pickup/return, pricing, and maintenance status.",8,59.22,1.875,0.17083333499999998,1.625,1.5,83.75,ok
meta-llama-llama-3-1-8b-instruct__Composite__food-delivery-management__rep0,41,llama31_8b,Composite,food-delivery-management,"A Java backend for restaurants, menus, customer orders, delivery assignment, and order status tracking.",7,61.03,1.8571428571428572,0.1809523857142857,2.0,1.2857142857142858,85.71428571428571,ok
meta-llama-llama-3-1-8b-instruct__Composite__gym-membership-platform__rep0,41,llama31_8b,Composite,gym-membership-platform,"A Java system for memberships, class schedules, trainer booking, attendance check-ins, and payment tracking.",6,64.19,1.6666666666666667,0.055555556666666665,1.6666666666666667,1.3333333333333333,86.66666666666667,ok
meta-llama-llama-3-1-8b-instruct__Composite__hospital-appointment-scheduler__rep0,41,llama31_8b,Composite,hospital-appointment-scheduler,"A Java application to manage doctors, patients, appointment slots, check-ins, and visit history for a clinic.",9,62.47,3.2222222222222223,0.20925925999999997,3.0,1.0,84.44444444444444,ok
meta-llama-llama-3-1-8b-instruct__Composite__hotel-reservation-system__rep0,41,llama31_8b,Composite,hotel-reservation-system,"A Java system for room inventory, bookings, check-in/check-out, pricing plans, and guest billing.",5,61.78,1.6,0.066666668,2.0,1.6,86.4,ok
meta-llama-llama-3-1-8b-instruct__Composite__issue-tracking-system__rep0,41,llama31_8b,Composite,issue-tracking-system,"A Java project tracker for ticket creation, assignment, status workflow, comments, and priority handling.",7,61.64,1.8571428571428572,0.25833333428571426,1.7142857142857142,1.2857142857142858,82.28571428571429,ok
meta-llama-llama-3-1-8b-instruct__Composite__learning-management-system__rep0,41,llama31_8b,Composite,learning-management-system,"A Java LMS for courses, lesson modules, assignments, submissions, grading, and progress tracking.",6,53.66,1.3333333333333333,0.21230159166666665,2.5,1.1666666666666667,82.66666666666667,ok
meta-llama-llama-3-1-8b-instruct__Composite__library-management-system__rep0,41,llama31_8b,Composite,library-management-system,"A Java system for managing books, members, borrowing/returns, due dates, and late fees in a public library.",6,65.89,1.0,0.13888889000000001,2.6666666666666665,1.1666666666666667,85.33333333333333,ok
meta-llama-llama-3-1-8b-instruct__Composite__payroll-and-hr-system__rep0,41,llama31_8b,Composite,payroll-and-hr-system,"A Java HR/payroll system for employee records, leave requests, salary calculation, payslips, and tax deductions.",4,62.97,1.0,0.125,1.5,1.5,86.0,ok
meta-llama-llama-3-1-8b-instruct__Composite__school-management-platform__rep0,41,llama31_8b,Composite,school-management-platform,"A Java platform for student enrollment, class scheduling, grades, attendance, and teacher-course assignments.",7,64.98,0.8571428571428571,0.09523809714285714,1.1428571428571428,1.1428571428571428,85.71428571428571,ok
meta-llama-llama-3-1-8b-instruct__Composite__warehouse-inventory-tracker__rep0,41,llama31_8b,Composite,warehouse-inventory-tracker,"A Java solution for stock intake, item locations, reorder thresholds, supplier restocking, and movement logs.",5,61.41,1.4,0.1,1.8,1.4,86.4,ok
meta-llama-llama-3-1-8b-instruct__Factory Method__banking-account-management__rep0,41,llama31_8b,Factory Method,banking-account-management,"A Java application for customer accounts, deposits, withdrawals, transfers, statement generation, and audit history.",5,56.32,2.0,0.26666666,2.8,1.4,83.2,ok
meta-llama-llama-3-1-8b-instruct__Factory Method__car-rental-management__rep0,41,llama31_8b,Factory Method,car-rental-management,"A Java application to manage fleet inventory, reservations, vehicle pickup/return, pricing, and maintenance status.",5,56.43,2.0,0.30666667599999997,3.0,1.4,83.2,ok
meta-llama-llama-3-1-8b-instruct__Factory Method__food-delivery-management__rep0,41,llama31_8b,Factory Method,food-delivery-management,"A Java backend for restaurants, menus, customer orders, delivery assignment, and order status tracking.",5,67.71,1.2,0.10666667199999999,1.4,1.2,86.4,ok
meta-llama-llama-3-1-8b-instruct__Factory Method__gym-membership-platform__rep0,41,llama31_8b,Factory Method,gym-membership-platform,"A Java system for memberships, class schedules, trainer booking, attendance check-ins, and payment tracking.",5,63.5,1.4,0.0,1.8,1.0,88.0,ok
meta-llama-llama-3-1-8b-instruct__Factory Method__hospital-appointment-scheduler__rep0,41,llama31_8b,Factory Method,hospital-appointment-scheduler,"A Java application to manage doctors, patients, appointment slots, check-ins, and visit history for a clinic.",7,67.16,1.5714285714285714,0.05714285714285715,1.8571428571428572,1.2857142857142858,86.85714285714286,ok
meta-llama-llama-3-1-8b-instruct__Factory Method__hotel-reservation-system__rep0,41,llama31_8b,Factory Method,hotel-reservation-system,"A Java system for room inventory, bookings, check-in/check-out, pricing plans, and guest billing.",7,66.98,1.8571428571428572,0.0,0.7142857142857143,1.0,88.0,ok
meta-llama-llama-3-1-8b-instruct__Factory Method__issue-tracking-system__rep0,41,llama31_8b,Factory Method,issue-tracking-system,"A Java project tracker for ticket creation, assignment, status workflow, comments, and priority handling.",9,69.17,2.0,0.044444444444444446,0.7777777777777778,1.3333333333333333,87.11111111111111,ok
meta-llama-llama-3-1-8b-instruct__Factory Method__learning-management-system__rep0,41,llama31_8b,Factory Method,learning-management-system,"A Java LMS for courses, lesson modules, assignments, submissions, grading, and progress tracking.",9,65.06,1.4444444444444444,0.18518518888888888,0.3333333333333333,1.4444444444444444,83.55555555555556,ok
meta-llama-llama-3-1-8b-instruct__Factory Method__library-management-system__rep0,41,llama31_8b,Factory Method,library-management-system,"A Java system for managing books, members, borrowing/returns, due dates, and late fees in a public library.",8,67.37,2.375,0.109375,1.25,1.125,86.0,ok
meta-llama-llama-3-1-8b-instruct__Factory Method__payroll-and-hr-system__rep0,41,llama31_8b,Factory Method,payroll-and-hr-system,"A Java HR/payroll system for employee records, leave requests, salary calculation, payslips, and tax deductions.",9,66.41,1.8888888888888888,0.15925925999999999,1.3333333333333333,1.1111111111111112,85.33333333333333,ok
meta-llama-llama-3-1-8b-instruct__Factory Method__school-management-platform__rep0,41,llama31_8b,Factory Method,school-management-platform,"A Java platform for student enrollment, class scheduling, grades, attendance, and teacher-course assignments.",11,69.38,2.5,0.10000000199999999,0.9,1.0,84.6,ok
meta-llama-llama-3-1-8b-instruct__Factory Method__warehouse-inventory-tracker__rep0,41,llama31_8b,Factory Method,warehouse-inventory-tracker,"A Java solution for stock intake, item locations, reorder thresholds, supplier restocking, and movement logs.",8,66.99,2.0,0.0625,0.75,1.5,87.0,ok
meta-llama-llama-3-1-8b-instruct__Observer__banking-account-management__rep0,41,llama31_8b,Observer,banking-account-management,"A Java application for customer accounts, deposits, withdrawals, transfers, statement generation, and audit history.",5,64.54,2.0,0.13333334,3.4,1.0,86.4,ok
meta-llama-llama-3-1-8b-instruct__Observer__car-rental-management__rep0,41,llama31_8b,Observer,car-rental-management,"A Java application to manage fleet inventory, reservations, vehicle pickup/return, pricing, and maintenance status.",5,63.07,1.8,0.185000012,2.0,1.0,84.8,ok
meta-llama-llama-3-1-8b-instruct__Observer__food-delivery-management__rep0,41,llama31_8b,Observer,food-delivery-management,"A Java backend for restaurants, menus, customer orders, delivery assignment, and order status tracking.",6,69.39,1.6666666666666667,0.11904762166666666,1.6666666666666667,1.0,85.33333333333333,ok
meta-llama-llama-3-1-8b-instruct__Observer__gym-membership-platform__rep0,41,llama31_8b,Observer,gym-membership-platform,"A Java system for memberships, class schedules, trainer booking, attendance check-ins, and payment tracking.",6,60.63,1.5,0.21527778,1.5,1.0,84.0,ok
meta-llama-llama-3-1-8b-instruct__Observer__hospital-appointment-scheduler__rep0,41,llama31_8b,Observer,hospital-appointment-scheduler,"A Java application to manage doctors, patients, appointment slots, check-ins, and visit history for a clinic.",6,62.33,1.3333333333333333,0.06666666666666667,2.3333333333333335,1.0,86.66666666666667,ok
meta-llama-llama-3-1-8b-instruct__Observer__hotel-reservation-system__rep0,41,llama31_8b,Observer,hotel-reservation-system,"A Java system for room inventory, bookings, check-in/check-out, pricing plans, and guest billing.",4,61.04,1.5,0.22499999999999998,3.5,1.0,86.0,ok
meta-llama-llama-3-1-8b-instruct__Observer__issue-tracking-system__rep0,41,llama31_8b,Observer,issue-tracking-system,"A Java project tracker for ticket creation, assignment, status workflow, comments, and priority handling.",7,61.95,1.5714285714285714,0.23809524285714284,3.0,1.0,84.57142857142857,ok
meta-llama-llama-3-1-8b-instruct__Observer__learning-management-system__rep0,41,llama31_8b,Observer,learning-management-system,"A Java LMS for courses, lesson modules, assignments, submissions, grading, and progress tracking.",5,59.72,2.0,0.22999999999999998,2.4,1.0,83.2,ok
meta-llama-llama-3-1-8b-instruct__Observer__library-management-system__rep0,41,llama31_8b,Observer,library-management-system,"A Java system for managing books, members, borrowing/returns, due dates, and late fees in a public library.",4,55.27,1.8571428571428572,0.2547619142857143,1.8571428571428572,1.0,83.42857142857143,ok
meta-llama-llama-3-1-8b-instruct__Observer__payroll-and-hr-system__rep0,41,llama31_8b,Observer,payroll-and-hr-system,"A Java HR/payroll system for employee records, leave requests, salary calculation, payslips, and tax deductions.",7,63.01,2.0,0.2240740933333333,4.166666666666667,1.0,84.0,ok
meta-llama-llama-3-1-8b-instruct__Observer__school-management-platform__rep0,41,llama31_8b,Observer,school-management-platform,"A Java platform for student enrollment, class scheduling, grades, attendance, and teacher-course assignments.",5,64.06,1.2,0.08,1.6,1.0,86.4,ok
meta-llama-llama-3-1-8b-instruct__Observer__warehouse-inventory-tracker__rep0,41,llama31_8b,Observer,warehouse-inventory-tracker,"A Java solution for stock intake, item locations, reorder thresholds, supplier restocking, and movement logs.",6,59.71,1.8333333333333333,0.22916667333333332,1.3333333333333333,1.0,84.0,ok
meta-llama-llama-3-1-8b-instruct__Singleton__banking-account-management__rep0,41,llama31_8b,Singleton,banking-account-management,"A Java application for customer accounts, deposits, withdrawals, transfers, statement generation, and audit history.",6,58.75,1.6666666666666667,0.20833333333333334,3.1666666666666665,1.3333333333333333,84.0,ok
meta-llama-llama-3-1-8b-instruct__Singleton__car-rental-management__rep0,41,llama31_8b,Singleton,car-rental-management,"A Java application to manage fleet inventory, reservations, vehicle pickup/return, pricing, and maintenance status.",8,62.62,1.25,0.1354166675,2.375,1.125,85.0,ok
meta-llama-llama-3-1-8b-instruct__Singleton__food-delivery-management__rep0,41,llama31_8b,Singleton,food-delivery-management,"A Java backend for restaurants, menus, customer orders, delivery assignment, and order status tracking.",8,60.96,2.0,0.2802083375,1.5,1.0,83.0,ok
meta-llama-llama-3-1-8b-instruct__Singleton__gym-membership-platform__rep0,41,llama31_8b,Singleton,gym-membership-platform,"A Java system for memberships, class schedules, trainer booking, attendance check-ins, and payment tracking.",5,61.79,1.4,0.188888888,1.4,1.0,84.8,ok
meta-llama-llama-3-1-8b-instruct__Singleton__hospital-appointment-scheduler__rep0,41,llama31_8b,Singleton,hospital-appointment-scheduler,"A Java application to manage doctors, patients, appointment slots, check-ins, and visit history for a clinic.",8,58.56,2.0,0.227083335,2.875,1.0,82.75,ok
meta-llama-llama-3-1-8b-instruct__Singleton__hotel-reservation-system__rep0,41,llama31_8b,Singleton,hotel-reservation-system,"A Java system for room inventory, bookings, check-in/check-out, pricing plans, and guest billing.",5,62.81,0.8,0.16666666800000002,1.4,1.0,84.8,ok
meta-llama-llama-3-1-8b-instruct__Singleton__issue-tracking-system__rep0,41,llama31_8b,Singleton,issue-tracking-system,"A Java project tracker for ticket creation, assignment, status workflow, comments, and priority handling.",5,56.77,1.6,0.34761906,1.6,1.0,83.2,ok
meta-llama-llama-3-1-8b-instruct__Singleton__learning-management-system__rep0,41,llama31_8b,Singleton,learning-management-system,"A Java LMS for courses, lesson modules, assignments, submissions, grading, and progress tracking.",7,63.47,1.5714285714285714,0.19047619142857145,1.1428571428571428,1.0,84.57142857142857,ok
meta-llama-llama-3-1-8b-instruct__Singleton__library-management-system__rep0,41,llama31_8b,Singleton,library-management-system,"A Java system for managing books, members, borrowing/returns, due dates, and late fees in a public library.",7,62.24,2.0,0.196875,1.5,1.0,85.0,ok
meta-llama-llama-3-1-8b-instruct__Singleton__payroll-and-hr-system__rep0,41,llama31_8b,Singleton,payroll-and-hr-system,"A Java HR/payroll system for employee records, leave requests, salary calculation, payslips, and tax deductions.",5,62.72,1.4,0.191666668,2.0,1.0,84.8,ok
meta-llama-llama-3-1-8b-instruct__Singleton__school-management-platform__rep0,41,llama31_8b,Singleton,school-management-platform,"A Java platform for student enrollment, class scheduling, grades, attendance, and teacher-course assignments.",5,69.4,1.75,0.270833335,1.75,1.0,82.0,ok
meta-llama-llama-3-1-8b-instruct__Singleton__warehouse-inventory-tracker__rep0,41,llama31_8b,Singleton,warehouse-inventory-tracker,"A Java solution for stock intake, item locations, reorder thresholds, supplier restocking, and movement logs.",6,60.09,2.1666666666666665,0.195833335,2.0,1.0,84.0,ok
meta-llama-llama-3-1-8b-instruct__Strategy__banking-account-management__rep0,41,llama31_8b,Strategy,banking-account-management,"A Java application for customer accounts, deposits, withdrawals, transfers, statement generation, and audit history.",6,68.81,1.1666666666666667,0.09259260000000001,1.3333333333333333,1.0,86.66666666666667,ok
meta-llama-llama-3-1-8b-instruct__Strategy__car-rental-management__rep0,41,llama31_8b,Strategy,car-rental-management,"A Java application to manage fleet inventory, reservations, vehicle pickup/return, pricing, and maintenance status.",5,68.13,1.2,0.11666668,1.0,1.0,86.4,ok
meta-llama-llama-3-1-8b-instruct__Strategy__food-delivery-management__rep0,41,llama31_8b,Strategy,food-delivery-management,"A Java backend for restaurants, menus, customer orders, delivery assignment, and order status tracking.",9,61.69,2.0588235294117645,0.1045751694117647,1.2941176470588236,1.0,86.11764705882354,ok
meta-llama-llama-3-1-8b-instruct__Strategy__gym-membership-platform__rep0,41,llama31_8b,Strategy,gym-membership-platform,"A Java system for memberships, class schedules, trainer booking, attendance check-ins, and payment tracking.",7,71.17,1.8571428571428572,0.0,1.0,1.0,88.0,ok
meta-llama-llama-3-1-8b-instruct__Strategy__hospital-appointment-scheduler__rep0,41,llama31_8b,Strategy,hospital-appointment-scheduler,"A Java application to manage doctors, patients, appointment slots, check-ins, and visit history for a clinic.",8,67.45,1.625,0.0625,1.625,1.0,87.0,ok
meta-llama-llama-3-1-8b-instruct__Strategy__hotel-reservation-system__rep0,41,llama31_8b,Strategy,hotel-reservation-system,"A Java system for room inventory, bookings, check-in/check-out, pricing plans, and guest billing.",6,67.27,1.0,0.11111111333333333,1.0,1.0,85.33333333333333,ok
meta-llama-llama-3-1-8b-instruct__Strategy__issue-tracking-system__rep0,41,llama31_8b,Strategy,issue-tracking-system,"A Java project tracker for ticket creation, assignment, status workflow, comments, and priority handling.",8,64.83,2.0,0.14750000000000002,1.75,1.0,86.0,ok
meta-llama-llama-3-1-8b-instruct__Strategy__learning-management-system__rep0,41,llama31_8b,Strategy,learning-management-system,"A Java LMS for courses, lesson modules, assignments, submissions, grading, and progress tracking.",6,63.84,1.5,0.11805555666666667,1.3333333333333333,1.0,85.33333333333333,ok
meta-llama-llama-3-1-8b-instruct__Strategy__library-management-system__rep0,41,llama31_8b,Strategy,library-management-system,"A Java system for managing books, members, borrowing/returns, due dates, and late fees in a public library.",7,66.87,1.4285714285714286,0.15646258714285713,1.1428571428571428,1.0,84.57142857142857,ok
meta-llama-llama-3-1-8b-instruct__Strategy__payroll-and-hr-system__rep0,41,llama31_8b,Strategy,payroll-and-hr-system,"A Java HR/payroll system for employee records, leave requests, salary calculation, payslips, and tax deductions.",8,71.14,1.4285714285714286,0.05357142857142857,0.7142857142857143,1.0,86.85714285714286,ok
meta-llama-llama-3-1-8b-instruct__Strategy__school-management-platform__rep0,41,llama31_8b,Strategy,school-management-platform,"A Java platform for student enrollment, class scheduling, grades, attendance, and teacher-course assignments.",6,68.0,1.3333333333333333,0.13888889000000001,1.5,1.0,85.33333333333333,ok
meta-llama-llama-3-1-8b-instruct__Strategy__warehouse-inventory-tracker__rep0,41,llama31_8b,Strategy,warehouse-inventory-tracker,"A Java solution for stock intake, item locations, reorder thresholds, supplier restocking, and movement logs.",6,67.35,1.8333333333333333,0.10416667666666667,1.3333333333333333,1.0,86.66666666666667,ok
meta-llama-llama-3-1-8b-instruct__Composite__banking-account-management__rep0,42,llama31_8b,Composite,banking-account-management,"A Java application for customer accounts, deposits, withdrawals, transfers, statement generation, and audit history.",5,61.49,1.8,0.08333334,3.4,1.2,86.4,ok
meta-llama-llama-3-1-8b-instruct__Composite__car-rental-management__rep0,42,llama31_8b,Composite,car-rental-management,"A Java application to manage fleet inventory, reservations, vehicle pickup/return, pricing, and maintenance status.",6,58.82,1.3333333333333333,0.26666666666666666,1.5,1.3333333333333333,84.0,ok
meta-llama-llama-3-1-8b-instruct__Composite__food-delivery-management__rep0,42,llama31_8b,Composite,food-delivery-management,"A Java backend for restaurants, menus, customer orders, delivery assignment, and order status tracking.",4,55.32,1.0,0.2875,3.0,1.0,82.0,ok
meta-llama-llama-3-1-8b-instruct__Composite__gym-membership-platform__rep0,42,llama31_8b,Composite,gym-membership-platform,"A Java system for memberships, class schedules, trainer booking, attendance check-ins, and payment tracking.",4,62.82,1.0,0.083333335,1.25,1.5,86.0,ok
meta-llama-llama-3-1-8b-instruct__Composite__hospital-appointment-scheduler__rep0,42,llama31_8b,Composite,hospital-appointment-scheduler,"A Java application to manage doctors, patients, appointment slots, check-ins, and visit history for a clinic.",13,70.8,1.6666666666666667,0.055555556666666665,0.75,1.0,86.66666666666667,ok
meta-llama-llama-3-1-8b-instruct__Composite__hotel-reservation-system__rep0,42,llama31_8b,Composite,hotel-reservation-system,"A Java system for room inventory, bookings, check-in/check-out, pricing plans, and guest billing.",5,60.41,1.2,0.12,1.6,1.6,86.4,ok
meta-llama-llama-3-1-8b-instruct__Composite__issue-tracking-system__rep0,42,llama31_8b,Composite,issue-tracking-system,"A Java project tracker for ticket creation, assignment, status workflow, comments, and priority handling.",5,58.43,1.4,0.21166666799999997,1.4,1.2,83.2,ok
meta-llama-llama-3-1-8b-instruct__Composite__learning-management-system__rep0,42,llama31_8b,Composite,learning-management-system,"A Java LMS for courses, lesson modules, assignments, submissions, grading, and progress tracking.",7,62.81,1.8571428571428572,0.04761904857142857,1.2857142857142858,1.2857142857142858,86.85714285714286,ok
meta-llama-llama-3-1-8b-instruct__Composite__library-management-system__rep0,42,llama31_8b,Composite,library-management-system,"A Java system for managing books, members, borrowing/returns, due dates, and late fees in a public library.",5,55.61,1.4,0.283809536,4.2,1.0,81.6,ok
meta-llama-llama-3-1-8b-instruct__Composite__payroll-and-hr-system__rep0,42,llama31_8b,Composite,payroll-and-hr-system,"A Java HR/payroll system for employee records, leave requests, salary calculation, payslips, and tax deductions.",6,66.1,1.4,0.066666668,1.8,1.4,86.4,ok
meta-llama-llama-3-1-8b-instruct__Composite__school-management-platform__rep0,42,llama31_8b,Composite,school-management-platform,"A Java platform for student enrollment, class scheduling, grades, attendance, and teacher-course assignments.",8,61.43,1.75,0.083333335,2.5,1.375,86.0,ok
meta-llama-llama-3-1-8b-instruct__Composite__warehouse-inventory-tracker__rep0,42,llama31_8b,Composite,warehouse-inventory-tracker,"A Java solution for stock intake, item locations, reorder thresholds, supplier restocking, and movement logs.",5,58.88,1.4,0.1,3.0,1.4,86.4,ok
meta-llama-llama-3-1-8b-instruct__Factory Method__banking-account-management__rep0,42,llama31_8b,Factory Method,banking-account-management,"A Java application for customer accounts, deposits, withdrawals, transfers, statement generation, and audit history.",6,59.39,1.5,0.08333333333333333,3.0,1.3333333333333333,86.66666666666667,ok
meta-llama-llama-3-1-8b-instruct__Factory Method__car-rental-management__rep0,42,llama31_8b,Factory Method,car-rental-management,"A Java application to manage fleet inventory, reservations, vehicle pickup/return, pricing, and maintenance status.",5,60.6,1.8,0.1,1.6,1.4,86.4,ok
meta-llama-llama-3-1-8b-instruct__Factory Method__food-delivery-management__rep0,42,llama31_8b,Factory Method,food-delivery-management,"A Java backend for restaurants, menus, customer orders, delivery assignment, and order status tracking.",6,69.97,1.8333333333333333,0.055555556666666665,1.0,1.3333333333333333,86.66666666666667,ok
meta-llama-llama-3-1-8b-instruct__Factory Method__gym-membership-platform__rep0,42,llama31_8b,Factory Method,gym-membership-platform,"A Java system for memberships, class schedules, trainer booking, attendance check-ins, and payment tracking.",12,71.14,2.0,0.06060606181818182,0.36363636363636365,1.5454545454545454,86.54545454545455,ok
meta-llama-llama-3-1-8b-instruct__Factory Method__hospital-appointment-scheduler__rep0,42,llama31_8b,Factory Method,hospital-appointment-scheduler,"A Java application to manage doctors, patients, appointment slots, check-ins, and visit history for a clinic.",7,66.8,1.5714285714285714,0.09523809714285714,0.8571428571428571,1.2857142857142858,85.71428571428571,ok
meta-llama-llama-3-1-8b-instruct__Factory Method__hotel-reservation-system__rep0,42,llama31_8b,Factory Method,hotel-reservation-system,"A Java system for room inventory, bookings, check-in/check-out, pricing plans, and guest billing.",5,64.83,1.4,0.1,1.4,1.4,86.4,ok
meta-llama-llama-3-1-8b-instruct__Factory Method__issue-tracking-system__rep0,42,llama31_8b,Factory Method,issue-tracking-system,"A Java project tracker for ticket creation, assignment, status workflow, comments, and priority handling.",7,68.58,1.2857142857142858,0.14285714285714285,1.2857142857142858,1.0,85.71428571428571,ok
meta-llama-llama-3-1-8b-instruct__Factory Method__learning-management-system__rep0,42,llama31_8b,Factory Method,learning-management-system,"A Java LMS for courses, lesson modules, assignments, submissions, grading, and progress tracking.",7,62.06,2.4285714285714284,0.1428571457142857,1.4285714285714286,1.0,84.57142857142857,ok
meta-llama-llama-3-1-8b-instruct__Factory Method__library-management-system__rep0,42,llama31_8b,Factory Method,library-management-system,"A Java system for managing books, members, borrowing/returns, due dates, and late fees in a public library.",5,62.5,1.8,0.16666666800000002,1.0,1.0,84.8,ok
meta-llama-llama-3-1-8b-instruct__Factory Method__payroll-and-hr-system__rep0,42,llama31_8b,Factory Method,payroll-and-hr-system,"A Java HR/payroll system for employee records, leave requests, salary calculation, payslips, and tax deductions.",8,67.6,1.625,0.0833333375,1.0,1.0,87.0,ok
meta-llama-llama-3-1-8b-instruct__Factory Method__school-management-platform__rep0,42,llama31_8b,Factory Method,school-management-platform,"A Java platform for student enrollment, class scheduling, grades, attendance, and teacher-course assignments.",7,63.88,1.7142857142857142,0.14285714285714285,0.7142857142857143,1.2857142857142858,85.71428571428571,ok
meta-llama-llama-3-1-8b-instruct__Factory Method__warehouse-inventory-tracker__rep0,42,llama31_8b,Factory Method,warehouse-inventory-tracker,"A Java solution for stock intake, item locations, reorder thresholds, supplier restocking, and movement logs.",6,65.51,1.5,0.21527779,0.6666666666666666,1.3333333333333333,84.0,ok
meta-llama-llama-3-1-8b-instruct__Observer__banking-account-management__rep0,42,llama31_8b,Observer,banking-account-management,"A Java application for customer accounts, deposits, withdrawals, transfers, statement generation, and audit history.",7,62.58,2.142857142857143,0.13690476285714287,2.857142857142857,1.0,85.71428571428571,ok
meta-llama-llama-3-1-8b-instruct__Observer__car-rental-management__rep0,42,llama31_8b,Observer,car-rental-management,"A Java application to manage fleet inventory, reservations, vehicle pickup/return, pricing, and maintenance status.",5,62.87,1.6,0.18,2.0,1.0,84.8,ok
meta-llama-llama-3-1-8b-instruct__Observer__food-delivery-management__rep0,42,llama31_8b,Observer,food-delivery-management,"A Java backend for restaurants, menus, customer orders, delivery assignment, and order status tracking.",4,62.01,1.25,0.083333335,2.75,1.0,86.0,ok
meta-llama-llama-3-1-8b-instruct__Observer__gym-membership-platform__rep0,42,llama31_8b,Observer,gym-membership-platform,"A Java system for memberships, class schedules, trainer booking, attendance check-ins, and payment tracking.",8,63.82,1.125,0.195833335,1.0,1.125,84.0,ok
meta-llama-llama-3-1-8b-instruct__Observer__hospital-appointment-scheduler__rep0,42,llama31_8b,Observer,hospital-appointment-scheduler,"A Java application to manage doctors, patients, appointment slots, check-ins, and visit history for a clinic.",5,65.32,1.4,0.08,1.6,1.0,86.4,ok
meta-llama-llama-3-1-8b-instruct__Observer__hotel-reservation-system__rep0,42,llama31_8b,Observer,hotel-reservation-system,"A Java system for room inventory, bookings, check-in/check-out, pricing plans, and guest billing.",8,61.51,1.625,0.3583333375,1.125,1.0,82.0,ok
meta-llama-llama-3-1-8b-instruct__Observer__issue-tracking-system__rep0,42,llama31_8b,Observer,issue-tracking-system,"A Java project tracker for ticket creation, assignment, status workflow, comments, and priority handling.",6,61.04,1.8333333333333333,0.18095237833333333,1.8333333333333333,1.0,82.33333333333333,ok
meta-llama-llama-3-1-8b-instruct__Observer__learning-management-system__rep0,42,llama31_8b,Observer,learning-management-system,"A Java LMS for courses, lesson modules, assignments, submissions, grading, and progress tracking.",6,68.42,1.2,0.033333334,1.2,1.0,88.0,ok
meta-llama-llama-3-1-8b-instruct__Observer__library-management-system__rep0,42,llama31_8b,Observer,library-management-system,"A Java system for managing books, members, borrowing/returns, due dates, and late fees in a public library.",8,65.29,2.0,0.18576389124999998,1.75,1.125,84.0,ok
meta-llama-llama-3-1-8b-instruct__Observer__payroll-and-hr-system__rep0,42,llama31_8b,Observer,payroll-and-hr-system,"A Java HR/payroll system for employee records, leave requests, salary calculation, payslips, and tax deductions.",9,60.9,1.8888888888888888,0.22962963,1.6666666666666667,1.0,84.44444444444444,ok
meta-llama-llama-3-1-8b-instruct__Observer__school-management-platform__rep0,42,llama31_8b,Observer,school-management-platform,"A Java platform for student enrollment, class scheduling, grades, attendance, and teacher-course assignments.",5,70.72,1.4,0.0,1.6,1.0,88.0,ok
meta-llama-llama-3-1-8b-instruct__Observer__warehouse-inventory-tracker__rep0,42,llama31_8b,Observer,warehouse-inventory-tracker,"A Java solution for stock intake, item locations, reorder thresholds, supplier restocking, and movement logs.",5,63.81,2.0,0.185000012,2.2,1.0,84.8,ok
meta-llama-llama-3-1-8b-instruct__Singleton__banking-account-management__rep0,42,llama31_8b,Singleton,banking-account-management,"A Java application for customer accounts, deposits, withdrawals, transfers, statement generation, and audit history.",5,59.27,1.4,0.26333333999999997,2.8,1.0,83.2,ok
meta-llama-llama-3-1-8b-instruct__Singleton__car-rental-management__rep0,42,llama31_8b,Singleton,car-rental-management,"A Java application to manage fleet inventory, reservations, vehicle pickup/return, pricing, and maintenance status.",7,63.84,1.1428571428571428,0.3095238142857143,2.142857142857143,1.0,82.28571428571429,ok
meta-llama-llama-3-1-8b-instruct__Singleton__food-delivery-management__rep0,42,llama31_8b,Singleton,food-delivery-management,"A Java backend for restaurants, menus, customer orders, delivery assignment, and order status tracking.",7,61.6,1.5714285714285714,0.27142858428571426,1.4285714285714286,1.0,82.28571428571429,ok
meta-llama-llama-3-1-8b-instruct__Singleton__gym-membership-platform__rep0,42,llama31_8b,Singleton,gym-membership-platform,"A Java system for memberships, class schedules, trainer booking, attendance check-ins, and payment tracking.",4,63.12,1.5,0.37500001,1.5,1.0,82.0,ok
meta-llama-llama-3-1-8b-instruct__Singleton__hospital-appointment-scheduler__rep0,42,llama31_8b,Singleton,hospital-appointment-scheduler,"A Java application to manage doctors, patients, appointment slots, check-ins, and visit history for a clinic.",7,65.78,2.0,0.23809524857142855,1.8571428571428572,1.0,84.57142857142857,ok
meta-llama-llama-3-1-8b-instruct__Singleton__hotel-reservation-system__rep0,42,llama31_8b,Singleton,hotel-reservation-system,"A Java system for room inventory, bookings, check-in/check-out, pricing plans, and guest billing.",3,63.86,1.0,0.25,1.0,1.0,82.66666666666667,ok
meta-llama-llama-3-1-8b-instruct__Singleton__issue-tracking-system__rep0,42,llama31_8b,Singleton,issue-tracking-system,"A Java project tracker for ticket creation, assignment, status workflow, comments, and priority handling.",5,53.23,1.4,0.45952381999999997,2.4,1.0,78.0,ok
meta-llama-llama-3-1-8b-instruct__Singleton__learning-management-system__rep0,42,llama31_8b,Singleton,learning-management-system,"A Java LMS for courses, lesson modules, assignments, submissions, grading, and progress tracking.",6,63.84,1.8333333333333333,0.27777778666666664,0.8333333333333334,1.0,82.66666666666667,ok
meta-llama-llama-3-1-8b-instruct__Singleton__library-management-system__rep0,42,llama31_8b,Singleton,library-management-system,"A Java system for managing books, members, borrowing/returns, due dates, and late fees in a public library.",5,61.68,1.0,0.244444436,2.2,1.0,83.2,ok
meta-llama-llama-3-1-8b-instruct__Singleton__payroll-and-hr-system__rep0,42,llama31_8b,Singleton,payroll-and-hr-system,"A Java HR/payroll system for employee records, leave requests, salary calculation, payslips, and tax deductions.",4,66.02,1.4,0.066666668,0.6,1.0,86.4,ok
meta-llama-llama-3-1-8b-instruct__Singleton__school-management-platform__rep0,42,llama31_8b,Singleton,school-management-platform,"A Java platform for student enrollment, class scheduling, grades, attendance, and teacher-course assignments.",5,59.03,1.6,0.341666684,2.4,1.0,80.0,ok
meta-llama-llama-3-1-8b-instruct__Singleton__warehouse-inventory-tracker__rep0,42,llama31_8b,Singleton,warehouse-inventory-tracker,"A Java solution for stock intake, item locations, reorder thresholds, supplier restocking, and movement logs.",5,60.98,1.8333333333333333,0.20833333333333334,1.6666666666666667,1.0,84.0,ok
meta-llama-llama-3-1-8b-instruct__Strategy__banking-account-management__rep0,42,llama31_8b,Strategy,banking-account-management,"A Java application for customer accounts, deposits, withdrawals, transfers, statement generation, and audit history.",5,56.23,2.0,0.08333334,3.8,1.0,86.4,ok
meta-llama-llama-3-1-8b-instruct__Strategy__car-rental-management__rep0,42,llama31_8b,Strategy,car-rental-management,"A Java application to manage fleet inventory, reservations, vehicle pickup/return, pricing, and maintenance status.",6,65.25,1.3333333333333333,0.11111111666666666,0.5,1.0,86.66666666666667,ok
meta-llama-llama-3-1-8b-instruct__Strategy__food-delivery-management__rep0,42,llama31_8b,Strategy,food-delivery-management,"A Java backend for restaurants, menus, customer orders, delivery assignment, and order status tracking.",7,71.19,1.5,0.055555556666666665,0.8333333333333334,1.0,86.66666666666667,ok
meta-llama-llama-3-1-8b-instruct__Strategy__gym-membership-platform__rep0,42,llama31_8b,Strategy,gym-membership-platform,"A Java system for memberships, class schedules, trainer booking, attendance check-ins, and payment tracking.",6,71.39,1.4,0.116666668,0.8,1.0,84.8,ok
meta-llama-llama-3-1-8b-instruct__Strategy__hospital-appointment-scheduler__rep0,42,llama31_8b,Strategy,hospital-appointment-scheduler,"A Java application to manage doctors, patients, appointment slots, check-ins, and visit history for a clinic.",7,60.12,2.4285714285714284,0.23809524,2.7142857142857144,1.0,83.42857142857143,ok
meta-llama-llama-3-1-8b-instruct__Strategy__hotel-reservation-system__rep0,42,llama31_8b,Strategy,hotel-reservation-system,"A Java system for room inventory, bookings, check-in/check-out, pricing plans, and guest billing.",5,70.28,1.2,0.1,1.0,1.0,86.4,ok
meta-llama-llama-3-1-8b-instruct__Strategy__issue-tracking-system__rep0,42,llama31_8b,Strategy,issue-tracking-system,"A Java project tracker for ticket creation, assignment, status workflow, comments, and priority handling.",9,68.02,1.8888888888888888,0.08796295555555556,0.8888888888888888,1.0,85.11111111111111,ok
meta-llama-llama-3-1-8b-instruct__Strategy__learning-management-system__rep0,42,llama31_8b,Strategy,learning-management-system,"A Java LMS for courses, lesson modules, assignments, submissions, grading, and progress tracking.",5,69.54,1.2,0.066666668,0.6,1.0,86.4,ok
meta-llama-llama-3-1-8b-instruct__Strategy__library-management-system__rep0,42,llama31_8b,Strategy,library-management-system,"A Java system for managing books, members, borrowing/returns, due dates, and late fees in a public library.",7,63.11,1.7142857142857142,0.15238095285714287,2.4285714285714284,1.0,85.71428571428571,ok
meta-llama-llama-3-1-8b-instruct__Strategy__payroll-and-hr-system__rep0,42,llama31_8b,Strategy,payroll-and-hr-system,"A Java HR/payroll system for employee records, leave requests, salary calculation, payslips, and tax deductions.",5,69.37,1.2,0.066666668,0.8,1.0,86.4,ok
meta-llama-llama-3-1-8b-instruct__Strategy__school-management-platform__rep0,42,llama31_8b,Strategy,school-management-platform,"A Java platform for student enrollment, class scheduling, grades, attendance, and teacher-course assignments.",6,66.92,1.3333333333333333,0.055555556666666665,1.5,1.0,86.66666666666667,ok
meta-llama-llama-3-1-8b-instruct__Strategy__warehouse-inventory-tracker__rep0,42,llama31_8b,Strategy,warehouse-inventory-tracker,"A Java solution for stock intake, item locations, reorder thresholds, supplier restocking, and movement logs.",6,69.53,1.8333333333333333,0.027777778333333333,1.5,1.0,88.0,ok
qwen-qwen2-5-14b-instruct__Composite__banking-account-management__rep0,40,qwen25_14b,Composite,banking-account-management,"A Java application for customer accounts, deposits, withdrawals, transfers, statement generation, and audit history.",5,55.06,2.0,0.206666668,3.8,1.4,84.8,ok
qwen-qwen2-5-14b-instruct__Composite__car-rental-management__rep0,40,qwen25_14b,Composite,car-rental-management,"A Java application to manage fleet inventory, reservations, vehicle pickup/return, pricing, and maintenance status.",4,68.69,1.0,0.0,1.5,1.0,88.0,ok
qwen-qwen2-5-14b-instruct__Composite__food-delivery-management__rep0,40,qwen25_14b,Composite,food-delivery-management,"A Java backend for restaurants, menus, customer orders, delivery assignment, and order status tracking.",5,57.99,2.0,0.273809528,3.0,1.0,83.2,ok
qwen-qwen2-5-14b-instruct__Composite__gym-membership-platform__rep0,40,qwen25_14b,Composite,gym-membership-platform,"A Java system for memberships, class schedules, trainer booking, attendance check-ins, and payment tracking.",4,64.9,1.25,0.09375,2.0,1.0,86.0,ok
qwen-qwen2-5-14b-instruct__Composite__hospital-appointment-scheduler__rep0,40,qwen25_14b,Composite,hospital-appointment-scheduler,"A Java application to manage doctors, patients, appointment slots, check-ins, and visit history for a clinic.",6,62.5,1.6666666666666667,0.20138889000000001,2.0,1.0,84.0,ok
qwen-qwen2-5-14b-instruct__Composite__hotel-reservation-system__rep0,40,qwen25_14b,Composite,hotel-reservation-system,"A Java system for room inventory, bookings, check-in/check-out, pricing plans, and guest billing.",4,60.67,1.25,0.125,2.0,1.5,86.0,ok
qwen-qwen2-5-14b-instruct__Composite__issue-tracking-system__rep0,40,qwen25_14b,Composite,issue-tracking-system,"A Java project tracker for ticket creation, assignment, status workflow, comments, and priority handling.",4,60.27,1.25,0.25,1.75,1.5,82.0,ok
qwen-qwen2-5-14b-instruct__Composite__learning-management-system__rep0,40,qwen25_14b,Composite,learning-management-system,"A Java LMS for courses, lesson modules, assignments, submissions, grading, and progress tracking.",4,59.26,2.0,0.275,2.75,1.0,84.0,ok
qwen-qwen2-5-14b-instruct__Composite__library-management-system__rep0,40,qwen25_14b,Composite,library-management-system,"A Java system for managing books, members, borrowing/returns, due dates, and late fees in a public library.",5,63.95,1.2,0.0,1.4,1.0,88.0,ok
qwen-qwen2-5-14b-instruct__Composite__payroll-and-hr-system__rep0,40,qwen25_14b,Composite,payroll-and-hr-system,"A Java HR/payroll system for employee records, leave requests, salary calculation, payslips, and tax deductions.",4,64.45,1.0,0.125,1.5,1.5,86.0,ok
qwen-qwen2-5-14b-instruct__Composite__school-management-platform__rep0,40,qwen25_14b,Composite,school-management-platform,"A Java platform for student enrollment, class scheduling, grades, attendance, and teacher-course assignments.",4,59.34,1.5,0.2,2.25,1.0,84.0,ok
qwen-qwen2-5-14b-instruct__Composite__warehouse-inventory-tracker__rep0,40,qwen25_14b,Composite,warehouse-inventory-tracker,"A Java solution for stock intake, item locations, reorder thresholds, supplier restocking, and movement logs.",4,52.03,2.25,0.33333335,4.25,1.0,81.5,ok
qwen-qwen2-5-14b-instruct__Factory Method__banking-account-management__rep0,40,qwen25_14b,Factory Method,banking-account-management,"A Java application for customer accounts, deposits, withdrawals, transfers, statement generation, and audit history.",7,70.31,1.8571428571428572,0.0,0.7142857142857143,1.2857142857142858,88.0,ok
qwen-qwen2-5-14b-instruct__Factory Method__car-rental-management__rep0,40,qwen25_14b,Factory Method,car-rental-management,"A Java application to manage fleet inventory, reservations, vehicle pickup/return, pricing, and maintenance status.",6,70.2,1.8333333333333333,0.10416666666666667,1.5,1.5,86.66666666666667,ok
qwen-qwen2-5-14b-instruct__Factory Method__food-delivery-management__rep0,40,qwen25_14b,Factory Method,food-delivery-management,"A Java backend for restaurants, menus, customer orders, delivery assignment, and order status tracking.",8,67.09,1.875,0.025,2.25,1.625,88.0,ok
qwen-qwen2-5-14b-instruct__Factory Method__gym-membership-platform__rep0,40,qwen25_14b,Factory Method,gym-membership-platform,"A Java system for memberships, class schedules, trainer booking, attendance check-ins, and payment tracking.",5,68.43,1.4,0.1,1.0,1.4,86.4,ok
qwen-qwen2-5-14b-instruct__Factory Method__hospital-appointment-scheduler__rep0,40,qwen25_14b,Factory Method,hospital-appointment-scheduler,"A Java application to manage doctors, patients, appointment slots, check-ins, and visit history for a clinic.",10,69.9,2.0,0.05,0.7,1.2,87.2,ok
qwen-qwen2-5-14b-instruct__Factory Method__hotel-reservation-system__rep0,40,qwen25_14b,Factory Method,hotel-reservation-system,"A Java system for room inventory, bookings, check-in/check-out, pricing plans, and guest billing.",7,68.06,1.8571428571428572,0.07142857142857142,1.2857142857142858,1.2857142857142858,86.85714285714286,ok
qwen-qwen2-5-14b-instruct__Factory Method__issue-tracking-system__rep0,40,qwen25_14b,Factory Method,issue-tracking-system,"A Java project tracker for ticket creation, assignment, status workflow, comments, and priority handling.",8,70.28,1.75,0.0763888875,1.125,1.25,87.0,ok
qwen-qwen2-5-14b-instruct__Factory Method__learning-management-system__rep0,40,qwen25_14b,Factory Method,learning-management-system,"A Java LMS for courses, lesson modules, assignments, submissions, grading, and progress tracking.",7,69.96,1.8571428571428572,0.04761904857142857,0.8571428571428571,1.2857142857142858,86.85714285714286,ok
qwen-qwen2-5-14b-instruct__Factory Method__library-management-system__rep0,40,qwen25_14b,Factory Method,library-management-system,"A Java system for managing books, members, borrowing/returns, due dates, and late fees in a public library.",7,70.78,1.8571428571428572,0.04761904857142857,0.8571428571428571,1.5714285714285714,86.85714285714286,ok
qwen-qwen2-5-14b-instruct__Factory Method__payroll-and-hr-system__rep0,40,qwen25_14b,Factory Method,payroll-and-hr-system,"A Java HR/payroll system for employee records, leave requests, salary calculation, payslips, and tax deductions.",8,70.5,1.75,0.0416666675,1.125,1.25,87.0,ok
qwen-qwen2-5-14b-instruct__Factory Method__school-management-platform__rep0,40,qwen25_14b,Factory Method,school-management-platform,"A Java platform for student enrollment, class scheduling, grades, attendance, and teacher-course assignments.",10,67.34,2.3,0.0,1.3,1.2,88.0,ok
qwen-qwen2-5-14b-instruct__Factory Method__warehouse-inventory-tracker__rep0,40,qwen25_14b,Factory Method,warehouse-inventory-tracker,"A Java solution for stock intake, item locations, reorder thresholds, supplier restocking, and movement logs.",7,71.96,1.8571428571428572,0.07619047999999999,0.5714285714285714,1.2857142857142858,86.85714285714286,ok
qwen-qwen2-5-14b-instruct__Observer__banking-account-management__rep0,40,qwen25_14b,Observer,banking-account-management,"A Java application for customer accounts, deposits, withdrawals, transfers, statement generation, and audit history.",4,62.81,1.75,0.125,2.0,1.0,86.0,ok
qwen-qwen2-5-14b-instruct__Observer__car-rental-management__rep0,40,qwen25_14b,Observer,car-rental-management,"A Java application to manage fleet inventory, reservations, vehicle pickup/return, pricing, and maintenance status.",7,61.49,1.4285714285714286,0.17460317714285714,1.7142857142857142,1.0,84.57142857142857,ok
qwen-qwen2-5-14b-instruct__Observer__food-delivery-management__rep0,40,qwen25_14b,Observer,food-delivery-management,"A Java backend for restaurants, menus, customer orders, delivery assignment, and order status tracking.",7,68.73,2.0,0.10714285714285714,1.5714285714285714,1.1428571428571428,85.71428571428571,ok
qwen-qwen2-5-14b-instruct__Observer__gym-membership-platform__rep0,40,qwen25_14b,Observer,gym-membership-platform,"A Java system for memberships, class schedules, trainer booking, attendance check-ins, and payment tracking.",7,71.24,1.5714285714285714,0.05357142857142857,1.2857142857142858,1.0,86.85714285714286,ok
qwen-qwen2-5-14b-instruct__Observer__hospital-appointment-scheduler__rep0,40,qwen25_14b,Observer,hospital-appointment-scheduler,"A Java application to manage doctors, patients, appointment slots, check-ins, and visit history for a clinic.",6,62.34,1.8333333333333333,0.10185185000000001,2.6666666666666665,1.0,86.66666666666667,ok
qwen-qwen2-5-14b-instruct__Observer__hotel-reservation-system__rep0,40,qwen25_14b,Observer,hotel-reservation-system,"A Java system for room inventory, bookings, check-in/check-out, pricing plans, and guest billing.",5,66.54,1.6,0.175,2.0,1.0,84.8,ok
qwen-qwen2-5-14b-instruct__Observer__issue-tracking-system__rep0,40,qwen25_14b,Observer,issue-tracking-system,"A Java project tracker for ticket creation, assignment, status workflow, comments, and priority handling.",5,66.74,1.6,0.05,1.8,1.0,86.4,ok
qwen-qwen2-5-14b-instruct__Observer__learning-management-system__rep0,40,qwen25_14b,Observer,learning-management-system,"A Java LMS for courses, lesson modules, assignments, submissions, grading, and progress tracking.",5,65.57,1.6,0.1,1.6,1.0,86.4,ok
qwen-qwen2-5-14b-instruct__Observer__library-management-system__rep0,40,qwen25_14b,Observer,library-management-system,"A Java system for managing books, members, borrowing/returns, due dates, and late fees in a public library.",7,63.63,1.5714285714285714,0.29642858142857137,2.142857142857143,1.4285714285714286,80.85714285714286,ok
qwen-qwen2-5-14b-instruct__Observer__payroll-and-hr-system__rep0,40,qwen25_14b,Observer,payroll-and-hr-system,"A Java HR/payroll system for employee records, leave requests, salary calculation, payslips, and tax deductions.",7,63.15,1.5714285714285714,0.15714285714285717,1.7142857142857142,1.0,85.71428571428571,ok
qwen-qwen2-5-14b-instruct__Observer__school-management-platform__rep0,40,qwen25_14b,Observer,school-management-platform,"A Java platform for student enrollment, class scheduling, grades, attendance, and teacher-course assignments.",5,67.23,1.6,0.0,1.2,1.0,88.0,ok
qwen-qwen2-5-14b-instruct__Observer__warehouse-inventory-tracker__rep0,40,qwen25_14b,Observer,warehouse-inventory-tracker,"A Java solution for stock intake, item locations, reorder thresholds, supplier restocking, and movement logs.",5,64.24,2.4,0.121428574,3.0,1.0,86.4,ok
qwen-qwen2-5-14b-instruct__Singleton__banking-account-management__rep0,40,qwen25_14b,Singleton,banking-account-management,"A Java application for customer accounts, deposits, withdrawals, transfers, statement generation, and audit history.",4,56.37,1.5,0.291666675,3.75,1.0,84.0,ok
qwen-qwen2-5-14b-instruct__Singleton__car-rental-management__rep0,40,qwen25_14b,Singleton,car-rental-management,"A Java application to manage fleet inventory, reservations, vehicle pickup/return, pricing, and maintenance status.",2,81.36,1.0,0.25,0.0,1.0,84.0,ok
qwen-qwen2-5-14b-instruct__Singleton__food-delivery-management__rep0,40,qwen25_14b,Singleton,food-delivery-management,"A Java backend for restaurants, menus, customer orders, delivery assignment, and order status tracking.",5,61.56,1.0,0.36,0.4,1.0,81.6,ok
qwen-qwen2-5-14b-instruct__Singleton__gym-membership-platform__rep0,40,qwen25_14b,Singleton,gym-membership-platform,"A Java system for memberships, class schedules, trainer booking, attendance check-ins, and payment tracking.",5,79.46,1.0,0.1,0.0,1.0,86.4,ok
qwen-qwen2-5-14b-instruct__Singleton__hospital-appointment-scheduler__rep0,40,qwen25_14b,Singleton,hospital-appointment-scheduler,"A Java application to manage doctors, patients, appointment slots, check-ins, and visit history for a clinic.",7,59.81,1.7142857142857142,0.30634921285714284,1.1428571428571428,1.0,82.28571428571429,ok
qwen-qwen2-5-14b-instruct__Singleton__hotel-reservation-system__rep0,40,qwen25_14b,Singleton,hotel-reservation-system,"A Java system for room inventory, bookings, check-in/check-out, pricing plans, and guest billing.",4,68.22,1.6666666666666667,0.027777778333333333,0.3333333333333333,1.0,88.0,ok
qwen-qwen2-5-14b-instruct__Singleton__issue-tracking-system__rep0,40,qwen25_14b,Singleton,issue-tracking-system,"A Java project tracker for ticket creation, assignment, status workflow, comments, and priority handling.",3,59.58,1.3333333333333333,0.4888889,1.3333333333333333,1.0,80.0,ok
qwen-qwen2-5-14b-instruct__Singleton__learning-management-system__rep0,40,qwen25_14b,Singleton,learning-management-system,"A Java LMS for courses, lesson modules, assignments, submissions, grading, and progress tracking.",2,65.39,1.0,0.33333335,1.0,1.0,84.0,ok
qwen-qwen2-5-14b-instruct__Singleton__library-management-system__rep0,40,qwen25_14b,Singleton,library-management-system,"A Java system for managing books, members, borrowing/returns, due dates, and late fees in a public library.",2,52.63,1.0,0.375,1.0,1.0,80.0,ok
qwen-qwen2-5-14b-instruct__Singleton__payroll-and-hr-system__rep0,40,qwen25_14b,Singleton,payroll-and-hr-system,"A Java HR/payroll system for employee records, leave requests, salary calculation, payslips, and tax deductions.",2,64.71,1.0,0.375,2.0,1.0,80.0,ok
qwen-qwen2-5-14b-instruct__Singleton__school-management-platform__rep0,40,qwen25_14b,Singleton,school-management-platform,"A Java platform for student enrollment, class scheduling, grades, attendance, and teacher-course assignments.",2,65.15,1.0,0.33333335,2.0,1.0,84.0,ok
qwen-qwen2-5-14b-instruct__Singleton__warehouse-inventory-tracker__rep0,40,qwen25_14b,Singleton,warehouse-inventory-tracker,"A Java solution for stock intake, item locations, reorder thresholds, supplier restocking, and movement logs.",3,58.7,1.3333333333333333,0.5,1.6666666666666667,1.0,80.0,ok
qwen-qwen2-5-14b-instruct__Strategy__banking-account-management__rep0,40,qwen25_14b,Strategy,banking-account-management,"A Java application for customer accounts, deposits, withdrawals, transfers, statement generation, and audit history.",6,64.34,1.8333333333333333,0.08333333333333333,1.6666666666666667,1.1666666666666667,86.66666666666667,ok
qwen-qwen2-5-14b-instruct__Strategy__car-rental-management__rep0,40,qwen25_14b,Strategy,car-rental-management,"A Java application to manage fleet inventory, reservations, vehicle pickup/return, pricing, and maintenance status.",5,67.51,1.6,0.175,1.6,1.0,84.8,ok
qwen-qwen2-5-14b-instruct__Strategy__food-delivery-management__rep0,40,qwen25_14b,Strategy,food-delivery-management,"A Java backend for restaurants, menus, customer orders, delivery assignment, and order status tracking.",5,65.02,1.8,0.1,2.2,1.0,86.4,ok
qwen-qwen2-5-14b-instruct__Strategy__gym-membership-platform__rep0,40,qwen25_14b,Strategy,gym-membership-platform,"A Java system for memberships, class schedules, trainer booking, attendance check-ins, and payment tracking.",5,69.48,1.2,0.11111112000000001,1.0,1.0,86.4,ok
qwen-qwen2-5-14b-instruct__Strategy__hospital-appointment-scheduler__rep0,40,qwen25_14b,Strategy,hospital-appointment-scheduler,"A Java application to manage doctors, patients, appointment slots, check-ins, and visit history for a clinic.",6,70.43,1.3333333333333333,0.0,1.1666666666666667,1.0,88.0,ok
qwen-qwen2-5-14b-instruct__Strategy__hotel-reservation-system__rep0,40,qwen25_14b,Strategy,hotel-reservation-system,"A Java system for room inventory, bookings, check-in/check-out, pricing plans, and guest billing.",6,69.38,1.0,0.0625,1.0,1.0,86.66666666666667,ok
qwen-qwen2-5-14b-instruct__Strategy__issue-tracking-system__rep0,40,qwen25_14b,Strategy,issue-tracking-system,"A Java project tracker for ticket creation, assignment, status workflow, comments, and priority handling.",6,61.02,1.5,0.13095236666666668,1.5,1.3333333333333333,83.66666666666667,ok
qwen-qwen2-5-14b-instruct__Strategy__learning-management-system__rep0,40,qwen25_14b,Strategy,learning-management-system,"A Java LMS for courses, lesson modules, assignments, submissions, grading, and progress tracking.",5,67.95,1.6,0.066666668,1.0,1.0,86.4,ok
qwen-qwen2-5-14b-instruct__Strategy__library-management-system__rep0,40,qwen25_14b,Strategy,library-management-system,"A Java system for managing books, members, borrowing/returns, due dates, and late fees in a public library.",5,62.17,1.2,0.066666668,1.8,1.0,86.4,ok
qwen-qwen2-5-14b-instruct__Strategy__payroll-and-hr-system__rep0,40,qwen25_14b,Strategy,payroll-and-hr-system,"A Java HR/payroll system for employee records, leave requests, salary calculation, payslips, and tax deductions.",9,65.82,2.2222222222222223,0.037037037777777775,0.6666666666666666,1.0,86.0,ok
qwen-qwen2-5-14b-instruct__Strategy__school-management-platform__rep0,40,qwen25_14b,Strategy,school-management-platform,"A Java platform for student enrollment, class scheduling, grades, attendance, and teacher-course assignments.",7,71.86,1.4285714285714286,0.0,1.0,1.0,88.0,ok
qwen-qwen2-5-14b-instruct__Strategy__warehouse-inventory-tracker__rep0,40,qwen25_14b,Strategy,warehouse-inventory-tracker,"A Java solution for stock intake, item locations, reorder thresholds, supplier restocking, and movement logs.",5,68.57,1.6,0.0,1.8,1.0,88.0,ok
qwen-qwen2-5-14b-instruct__Composite__banking-account-management__rep0,41,qwen25_14b,Composite,banking-account-management,"A Java application for customer accounts, deposits, withdrawals, transfers, statement generation, and audit history.",4,54.82,1.75,0.38616071750000003,4.25,1.5,80.0,ok
qwen-qwen2-5-14b-instruct__Composite__car-rental-management__rep0,41,qwen25_14b,Composite,car-rental-management,"A Java application to manage fleet inventory, reservations, vehicle pickup/return, pricing, and maintenance status.",5,68.75,1.4,0.0,1.4,1.0,88.0,ok
qwen-qwen2-5-14b-instruct__Composite__food-delivery-management__rep0,41,qwen25_14b,Composite,food-delivery-management,"A Java backend for restaurants, menus, customer orders, delivery assignment, and order status tracking.",5,55.3,2.0,0.2888889,3.8,1.0,83.2,ok
qwen-qwen2-5-14b-instruct__Composite__gym-membership-platform__rep0,41,qwen25_14b,Composite,gym-membership-platform,"A Java system for memberships, class schedules, trainer booking, attendance check-ins, and payment tracking.",4,65.52,1.25,0.09375,1.75,1.0,86.0,ok
qwen-qwen2-5-14b-instruct__Composite__hospital-appointment-scheduler__rep0,41,qwen25_14b,Composite,hospital-appointment-scheduler,"A Java application to manage doctors, patients, appointment slots, check-ins, and visit history for a clinic.",5,59.3,1.4,0.20833333399999998,1.8,1.0,84.8,ok
qwen-qwen2-5-14b-instruct__Composite__hotel-reservation-system__rep0,41,qwen25_14b,Composite,hotel-reservation-system,"A Java system for room inventory, bookings, check-in/check-out, pricing plans, and guest billing.",4,56.86,1.25,0.18750001,3.5,1.0,84.0,ok
qwen-qwen2-5-14b-instruct__Composite__issue-tracking-system__rep0,41,qwen25_14b,Composite,issue-tracking-system,"A Java project tracker for ticket creation, assignment, status workflow, comments, and priority handling.",4,58.33,1.5,0.241071425,2.0,1.0,84.0,ok
qwen-qwen2-5-14b-instruct__Composite__learning-management-system__rep0,41,qwen25_14b,Composite,learning-management-system,"A Java LMS for courses, lesson modules, assignments, submissions, grading, and progress tracking.",4,58.05,1.5,0.2,2.25,1.0,84.0,ok
qwen-qwen2-5-14b-instruct__Composite__library-management-system__rep0,41,qwen25_14b,Composite,library-management-system,"A Java system for managing books, members, borrowing/returns, due dates, and late fees in a public library.",5,65.58,1.2,0.0,1.4,1.0,88.0,ok
qwen-qwen2-5-14b-instruct__Composite__payroll-and-hr-system__rep0,41,qwen25_14b,Composite,payroll-and-hr-system,"A Java HR/payroll system for employee records, leave requests, salary calculation, payslips, and tax deductions.",4,65.56,1.25,0.1875,1.5,1.5,84.0,ok
qwen-qwen2-5-14b-instruct__Composite__school-management-platform__rep0,41,qwen25_14b,Composite,school-management-platform,"A Java platform for student enrollment, class scheduling, grades, attendance, and teacher-course assignments.",4,57.58,1.5,0.2,2.25,1.0,84.0,ok
qwen-qwen2-5-14b-instruct__Composite__warehouse-inventory-tracker__rep0,41,qwen25_14b,Composite,warehouse-inventory-tracker,"A Java solution for stock intake, item locations, reorder thresholds, supplier restocking, and movement logs.",4,63.85,1.25,0.1416666675,2.5,1.0,86.0,ok
qwen-qwen2-5-14b-instruct__Factory Method__banking-account-management__rep0,41,qwen25_14b,Factory Method,banking-account-management,"A Java application for customer accounts, deposits, withdrawals, transfers, statement generation, and audit history.",8,68.21,2.0,0.0625,1.25,1.25,87.0,ok
qwen-qwen2-5-14b-instruct__Factory Method__car-rental-management__rep0,41,qwen25_14b,Factory Method,car-rental-management,"A Java application to manage fleet inventory, reservations, vehicle pickup/return, pricing, and maintenance status.",5,62.21,1.8333333333333333,0.15555555666666665,1.5,1.5,85.33333333333333,ok
qwen-qwen2-5-14b-instruct__Factory Method__food-delivery-management__rep0,41,qwen25_14b,Factory Method,food-delivery-management,"A Java backend for restaurants, menus, customer orders, delivery assignment, and order status tracking.",8,66.94,1.875,0.1041666675,1.125,1.5,86.0,ok
qwen-qwen2-5-14b-instruct__Factory Method__gym-membership-platform__rep0,41,qwen25_14b,Factory Method,gym-membership-platform,"A Java system for memberships, class schedules, trainer booking, attendance check-ins, and payment tracking.",7,78.13,1.8571428571428572,0.0,0.5714285714285714,1.5714285714285714,88.0,ok
qwen-qwen2-5-14b-instruct__Factory Method__hospital-appointment-scheduler__rep0,41,qwen25_14b,Factory Method,hospital-appointment-scheduler,"A Java application to manage doctors, patients, appointment slots, check-ins, and visit history for a clinic.",6,65.11,1.8333333333333333,0.07291666666666667,1.6666666666666667,1.0,86.66666666666667,ok
qwen-qwen2-5-14b-instruct__Factory Method__hotel-reservation-system__rep0,41,qwen25_14b,Factory Method,hotel-reservation-system,"A Java system for room inventory, bookings, check-in/check-out, pricing plans, and guest billing.",7,68.58,1.8571428571428572,0.07142857142857142,1.1428571428571428,1.2857142857142858,86.85714285714286,ok
qwen-qwen2-5-14b-instruct__Factory Method__issue-tracking-system__rep0,41,qwen25_14b,Factory Method,issue-tracking-system,"A Java project tracker for ticket creation, assignment, status workflow, comments, and priority handling.",7,67.85,1.8571428571428572,0.09523809999999999,1.0,1.2857142857142858,86.85714285714286,ok
qwen-qwen2-5-14b-instruct__Factory Method__learning-management-system__rep0,41,qwen25_14b,Factory Method,learning-management-system,"A Java LMS for courses, lesson modules, assignments, submissions, grading, and progress tracking.",7,73.59,1.8571428571428572,0.0,0.5714285714285714,1.2857142857142858,88.0,ok
qwen-qwen2-5-14b-instruct__Factory Method__library-management-system__rep0,41,qwen25_14b,Factory Method,library-management-system,"A Java system for managing books, members, borrowing/returns, due dates, and late fees in a public library.",5,66.37,1.4,0.1,1.6,1.4,86.4,ok
qwen-qwen2-5-14b-instruct__Factory Method__payroll-and-hr-system__rep0,41,qwen25_14b,Factory Method,payroll-and-hr-system,"A Java HR/payroll system for employee records, leave requests, salary calculation, payslips, and tax deductions.",7,73.03,1.8571428571428572,0.04761904857142857,0.8571428571428571,1.2857142857142858,86.85714285714286,ok
qwen-qwen2-5-14b-instruct__Factory Method__school-management-platform__rep0,41,qwen25_14b,Factory Method,school-management-platform,"A Java platform for student enrollment, class scheduling, grades, attendance, and teacher-course assignments.",11,65.39,2.5454545454545454,0.0,1.6363636363636365,1.1818181818181819,88.0,ok
qwen-qwen2-5-14b-instruct__Factory Method__warehouse-inventory-tracker__rep0,41,qwen25_14b,Factory Method,warehouse-inventory-tracker,"A Java solution for stock intake, item locations, reorder thresholds, supplier restocking, and movement logs.",7,73.74,1.8571428571428572,0.04761904857142857,0.5714285714285714,1.5714285714285714,86.85714285714286,ok
qwen-qwen2-5-14b-instruct__Observer__banking-account-management__rep0,41,qwen25_14b,Observer,banking-account-management,"A Java application for customer accounts, deposits, withdrawals, transfers, statement generation, and audit history.",5,59.38,1.4,0.1,4.0,1.0,86.4,ok
qwen-qwen2-5-14b-instruct__Observer__car-rental-management__rep0,41,qwen25_14b,Observer,car-rental-management,"A Java application to manage fleet inventory, reservations, vehicle pickup/return, pricing, and maintenance status.",6,62.21,1.5714285714285714,0.07142857142857142,2.0,1.0,86.85714285714286,ok
qwen-qwen2-5-14b-instruct__Observer__food-delivery-management__rep0,41,qwen25_14b,Observer,food-delivery-management,"A Java backend for restaurants, menus, customer orders, delivery assignment, and order status tracking.",6,66.22,1.3333333333333333,0.0,1.3333333333333333,1.1666666666666667,88.0,ok
qwen-qwen2-5-14b-instruct__Observer__gym-membership-platform__rep0,41,qwen25_14b,Observer,gym-membership-platform,"A Java system for memberships, class schedules, trainer booking, attendance check-ins, and payment tracking.",7,68.85,1.5714285714285714,0.0,1.2857142857142858,1.1428571428571428,88.0,ok
qwen-qwen2-5-14b-instruct__Observer__hospital-appointment-scheduler__rep0,41,qwen25_14b,Observer,hospital-appointment-scheduler,"A Java application to manage doctors, patients, appointment slots, check-ins, and visit history for a clinic.",5,65.43,1.4,0.1,1.8,1.0,86.4,ok
qwen-qwen2-5-14b-instruct__Observer__hotel-reservation-system__rep0,41,qwen25_14b,Observer,hotel-reservation-system,"A Java system for room inventory, bookings, check-in/check-out, pricing plans, and guest billing.",5,62.96,1.8,0.18,3.0,1.0,82.8,ok
qwen-qwen2-5-14b-instruct__Observer__issue-tracking-system__rep0,41,qwen25_14b,Observer,issue-tracking-system,"A Java project tracker for ticket creation, assignment, status workflow, comments, and priority handling.",6,64.18,2.1666666666666665,0.116666675,2.0,1.0,85.33333333333333,ok
qwen-qwen2-5-14b-instruct__Observer__learning-management-system__rep0,41,qwen25_14b,Observer,learning-management-system,"A Java LMS for courses, lesson modules, assignments, submissions, grading, and progress tracking.",5,65.75,1.4,0.1,1.4,1.0,86.4,ok
qwen-qwen2-5-14b-instruct__Observer__library-management-system__rep0,41,qwen25_14b,Observer,library-management-system,"A Java system for managing books, members, borrowing/returns, due dates, and late fees in a public library.",4,63.14,1.25,0.09375,1.75,1.25,86.0,ok
qwen-qwen2-5-14b-instruct__Observer__payroll-and-hr-system__rep0,41,qwen25_14b,Observer,payroll-and-hr-system,"A Java HR/payroll system for employee records, leave requests, salary calculation, payslips, and tax deductions.",7,66.45,2.0,0.17261904857142857,1.0,1.0,84.57142857142857,ok
qwen-qwen2-5-14b-instruct__Observer__school-management-platform__rep0,41,qwen25_14b,Observer,school-management-platform,"A Java platform for student enrollment, class scheduling, grades, attendance, and teacher-course assignments.",5,66.82,0.8,0.0,1.4,1.2,88.0,ok
qwen-qwen2-5-14b-instruct__Observer__warehouse-inventory-tracker__rep0,41,qwen25_14b,Observer,warehouse-inventory-tracker,"A Java solution for stock intake, item locations, reorder thresholds, supplier restocking, and movement logs.",6,66.48,1.5,0.08888889333333333,2.1666666666666665,1.1666666666666667,86.66666666666667,ok
qwen-qwen2-5-14b-instruct__Singleton__banking-account-management__rep0,41,qwen25_14b,Singleton,banking-account-management,"A Java application for customer accounts, deposits, withdrawals, transfers, statement generation, and audit history.",5,62.93,1.8,0.12666666799999998,2.8,1.0,84.8,ok
qwen-qwen2-5-14b-instruct__Singleton__car-rental-management__rep0,41,qwen25_14b,Singleton,car-rental-management,"A Java application to manage fleet inventory, reservations, vehicle pickup/return, pricing, and maintenance status.",5,80.85,1.0,0.1,0.0,1.0,86.4,ok
qwen-qwen2-5-14b-instruct__Singleton__food-delivery-management__rep0,41,qwen25_14b,Singleton,food-delivery-management,"A Java backend for restaurants, menus, customer orders, delivery assignment, and order status tracking.",3,59.96,1.0,0.5,0.0,1.0,80.0,ok
qwen-qwen2-5-14b-instruct__Singleton__gym-membership-platform__rep0,41,qwen25_14b,Singleton,gym-membership-platform,"A Java system for memberships, class schedules, trainer booking, attendance check-ins, and payment tracking.",2,58.02,1.0,0.25,1.5,1.0,84.0,ok
qwen-qwen2-5-14b-instruct__Singleton__hospital-appointment-scheduler__rep0,41,qwen25_14b,Singleton,hospital-appointment-scheduler,"A Java application to manage doctors, patients, appointment slots, check-ins, and visit history for a clinic.",5,59.25,1.0,0.345833336,1.0,1.0,81.6,ok
qwen-qwen2-5-14b-instruct__Singleton__hotel-reservation-system__rep0,41,qwen25_14b,Singleton,hotel-reservation-system,"A Java system for room inventory, bookings, check-in/check-out, pricing plans, and guest billing.",2,59.58,1.0,0.25,2.0,1.0,84.0,ok
qwen-qwen2-5-14b-instruct__Singleton__issue-tracking-system__rep0,41,qwen25_14b,Singleton,issue-tracking-system,"A Java project tracker for ticket creation, assignment, status workflow, comments, and priority handling.",4,59.44,1.25,0.083333335,2.75,1.0,86.0,ok
qwen-qwen2-5-14b-instruct__Singleton__learning-management-system__rep0,41,qwen25_14b,Singleton,learning-management-system,"A Java LMS for courses, lesson modules, assignments, submissions, grading, and progress tracking.",7,58.49,0.14285714285714285,0.4142857142857143,0.0,1.0,80.0,ok
qwen-qwen2-5-14b-instruct__Singleton__library-management-system__rep0,41,qwen25_14b,Singleton,library-management-system,"A Java system for managing books, members, borrowing/returns, due dates, and late fees in a public library.",3,60.73,1.0,0.27777778000000003,2.0,1.0,82.66666666666667,ok
qwen-qwen2-5-14b-instruct__Singleton__payroll-and-hr-system__rep0,41,qwen25_14b,Singleton,payroll-and-hr-system,"A Java HR/payroll system for employee records, leave requests, salary calculation, payslips, and tax deductions.",2,59.2,1.0,0.375,3.0,1.0,80.0,ok
qwen-qwen2-5-14b-instruct__Singleton__school-management-platform__rep0,41,qwen25_14b,Singleton,school-management-platform,"A Java platform for student enrollment, class scheduling, grades, attendance, and teacher-course assignments.",2,62.64,1.0,0.33333335,2.0,1.0,84.0,ok
qwen-qwen2-5-14b-instruct__Singleton__warehouse-inventory-tracker__rep0,41,qwen25_14b,Singleton,warehouse-inventory-tracker,"A Java solution for stock intake, item locations, reorder thresholds, supplier restocking, and movement logs.",3,64.61,1.3333333333333333,0.3333333333333333,1.0,1.0,82.66666666666667,ok
qwen-qwen2-5-14b-instruct__Strategy__banking-account-management__rep0,41,qwen25_14b,Strategy,banking-account-management,"A Java application for customer accounts, deposits, withdrawals, transfers, statement generation, and audit history.",4,60.47,2.0,0.125,2.0,1.0,86.0,ok
qwen-qwen2-5-14b-instruct__Strategy__car-rental-management__rep0,41,qwen25_14b,Strategy,car-rental-management,"A Java application to manage fleet inventory, reservations, vehicle pickup/return, pricing, and maintenance status.",5,67.04,1.2,0.08333334,0.6,1.0,86.4,ok
qwen-qwen2-5-14b-instruct__Strategy__food-delivery-management__rep0,41,qwen25_14b,Strategy,food-delivery-management,"A Java backend for restaurants, menus, customer orders, delivery assignment, and order status tracking.",6,65.92,1.8333333333333333,0.08333333333333333,1.3333333333333333,1.0,86.66666666666667,ok
qwen-qwen2-5-14b-instruct__Strategy__gym-membership-platform__rep0,41,qwen25_14b,Strategy,gym-membership-platform,"A Java system for memberships, class schedules, trainer booking, attendance check-ins, and payment tracking.",5,70.61,1.2,0.0,1.0,1.0,88.0,ok
qwen-qwen2-5-14b-instruct__Strategy__hospital-appointment-scheduler__rep0,41,qwen25_14b,Strategy,hospital-appointment-scheduler,"A Java application to manage doctors, patients, appointment slots, check-ins, and visit history for a clinic.",5,66.22,1.8,0.1,0.8,1.0,86.4,ok
qwen-qwen2-5-14b-instruct__Strategy__hotel-reservation-system__rep0,41,qwen25_14b,Strategy,hotel-reservation-system,"A Java system for room inventory, bookings, check-in/check-out, pricing plans, and guest billing.",6,66.39,1.6666666666666667,0.0,1.0,1.0,88.0,ok
qwen-qwen2-5-14b-instruct__Strategy__issue-tracking-system__rep0,41,qwen25_14b,Strategy,issue-tracking-system,"A Java project tracker for ticket creation, assignment, status workflow, comments, and priority handling.",10,65.94,1.7,0.12407408,1.5,1.0,85.6,ok
qwen-qwen2-5-14b-instruct__Strategy__learning-management-system__rep0,41,qwen25_14b,Strategy,learning-management-system,"A Java LMS for courses, lesson modules, assignments, submissions, grading, and progress tracking.",5,68.48,1.6,0.0,1.2,1.0,88.0,ok
qwen-qwen2-5-14b-instruct__Strategy__library-management-system__rep0,41,qwen25_14b,Strategy,library-management-system,"A Java system for managing books, members, borrowing/returns, due dates, and late fees in a public library.",6,65.74,1.1666666666666667,0.055555556666666665,1.0,1.0,86.66666666666667,ok
qwen-qwen2-5-14b-instruct__Strategy__payroll-and-hr-system__rep0,41,qwen25_14b,Strategy,payroll-and-hr-system,"A Java HR/payroll system for employee records, leave requests, salary calculation, payslips, and tax deductions.",7,68.82,1.1428571428571428,0.07142857142857142,0.8571428571428571,1.2857142857142858,86.85714285714286,ok
qwen-qwen2-5-14b-instruct__Strategy__school-management-platform__rep0,41,qwen25_14b,Strategy,school-management-platform,"A Java platform for student enrollment, class scheduling, grades, attendance, and teacher-course assignments.",5,69.41,1.2,0.0,1.2,1.0,88.0,ok
qwen-qwen2-5-14b-instruct__Strategy__warehouse-inventory-tracker__rep0,41,qwen25_14b,Strategy,warehouse-inventory-tracker,"A Java solution for stock intake, item locations, reorder thresholds, supplier restocking, and movement logs.",6,62.01,1.6666666666666667,0.14583333333333334,1.8333333333333333,1.0,85.33333333333333,ok
qwen-qwen2-5-14b-instruct__Composite__banking-account-management__rep0,42,qwen25_14b,Composite,banking-account-management,"A Java application for customer accounts, deposits, withdrawals, transfers, statement generation, and audit history.",4,57.3,1.75,0.2,4.25,1.0,84.0,ok
qwen-qwen2-5-14b-instruct__Composite__car-rental-management__rep0,42,qwen25_14b,Composite,car-rental-management,"A Java application to manage fleet inventory, reservations, vehicle pickup/return, pricing, and maintenance status.",6,67.91,1.6666666666666667,0.055555556666666665,1.3333333333333333,1.1666666666666667,86.66666666666667,ok
qwen-qwen2-5-14b-instruct__Composite__food-delivery-management__rep0,42,qwen25_14b,Composite,food-delivery-management,"A Java backend for restaurants, menus, customer orders, delivery assignment, and order status tracking.",6,56.77,2.0,0.28968255,2.8333333333333335,1.3333333333333333,84.0,ok
qwen-qwen2-5-14b-instruct__Composite__gym-membership-platform__rep0,42,qwen25_14b,Composite,gym-membership-platform,"A Java system for memberships, class schedules, trainer booking, attendance check-ins, and payment tracking.",5,65.78,1.2,0.05,1.6,1.4,86.4,ok
qwen-qwen2-5-14b-instruct__Composite__hospital-appointment-scheduler__rep0,42,qwen25_14b,Composite,hospital-appointment-scheduler,"A Java application to manage doctors, patients, appointment slots, check-ins, and visit history for a clinic.",6,63.88,2.5,0.19722223333333333,1.8333333333333333,1.0,85.33333333333333,ok
qwen-qwen2-5-14b-instruct__Composite__hotel-reservation-system__rep0,42,qwen25_14b,Composite,hotel-reservation-system,"A Java system for room inventory, bookings, check-in/check-out, pricing plans, and guest billing.",6,64.44,2.5,0.16666666666666666,2.0,1.0,85.33333333333333,ok
qwen-qwen2-5-14b-instruct__Composite__issue-tracking-system__rep0,42,qwen25_14b,Composite,issue-tracking-system,"A Java project tracker for ticket creation, assignment, status workflow, comments, and priority handling.",6,65.29,1.8333333333333333,0.08333333333333333,2.1666666666666665,1.3333333333333333,86.66666666666667,ok
qwen-qwen2-5-14b-instruct__Composite__learning-management-system__rep0,42,qwen25_14b,Composite,learning-management-system,"A Java LMS for courses, lesson modules, assignments, submissions, grading, and progress tracking.",7,66.13,1.4285714285714286,0.1142857142857143,1.0,1.4285714285714286,85.71428571428571,ok
qwen-qwen2-5-14b-instruct__Composite__library-management-system__rep0,42,qwen25_14b,Composite,library-management-system,"A Java system for managing books, members, borrowing/returns, due dates, and late fees in a public library.",5,63.87,1.2,0.075,1.6,1.0,86.4,ok
qwen-qwen2-5-14b-instruct__Composite__payroll-and-hr-system__rep0,42,qwen25_14b,Composite,payroll-and-hr-system,"A Java HR/payroll system for employee records, leave requests, salary calculation, payslips, and tax deductions.",5,65.4,1.2,0.1,1.2,1.4,86.4,ok
qwen-qwen2-5-14b-instruct__Composite__school-management-platform__rep0,42,qwen25_14b,Composite,school-management-platform,"A Java platform for student enrollment, class scheduling, grades, attendance, and teacher-course assignments.",4,65.51,1.25,0.09375,1.75,1.0,86.0,ok
qwen-qwen2-5-14b-instruct__Composite__warehouse-inventory-tracker__rep0,42,qwen25_14b,Composite,warehouse-inventory-tracker,"A Java solution for stock intake, item locations, reorder thresholds, supplier restocking, and movement logs.",4,67.18,1.0,0.0625,1.75,1.0,86.0,ok
qwen-qwen2-5-14b-instruct__Factory Method__banking-account-management__rep0,42,qwen25_14b,Factory Method,banking-account-management,"A Java application for customer accounts, deposits, withdrawals, transfers, statement generation, and audit history.",8,69.35,1.875,0.0625,1.375,1.25,87.0,ok
qwen-qwen2-5-14b-instruct__Factory Method__car-rental-management__rep0,42,qwen25_14b,Factory Method,car-rental-management,"A Java application to manage fleet inventory, reservations, vehicle pickup/return, pricing, and maintenance status.",6,69.6,1.875,0.046875,0.625,1.5,87.0,ok
qwen-qwen2-5-14b-instruct__Factory Method__food-delivery-management__rep0,42,qwen25_14b,Factory Method,food-delivery-management,"A Java backend for restaurants, menus, customer orders, delivery assignment, and order status tracking.",8,69.44,1.875,0.0625,1.375,1.25,87.0,ok
qwen-qwen2-5-14b-instruct__Factory Method__gym-membership-platform__rep0,42,qwen25_14b,Factory Method,gym-membership-platform,"A Java system for memberships, class schedules, trainer booking, attendance check-ins, and payment tracking.",7,65.87,1.8571428571428572,0.0,1.2857142857142858,1.2857142857142858,88.0,ok
qwen-qwen2-5-14b-instruct__Factory Method__hospital-appointment-scheduler__rep0,42,qwen25_14b,Factory Method,hospital-appointment-scheduler,"A Java application to manage doctors, patients, appointment slots, check-ins, and visit history for a clinic.",8,69.78,1.75,0.078125,1.375,1.5,87.0,ok
qwen-qwen2-5-14b-instruct__Factory Method__hotel-reservation-system__rep0,42,qwen25_14b,Factory Method,hotel-reservation-system,"A Java system for room inventory, bookings, check-in/check-out, pricing plans, and guest billing.",7,66.49,1.8571428571428572,0.08571428571428572,1.4285714285714286,1.2857142857142858,86.85714285714286,ok
qwen-qwen2-5-14b-instruct__Factory Method__issue-tracking-system__rep0,42,qwen25_14b,Factory Method,issue-tracking-system,"A Java project tracker for ticket creation, assignment, status workflow, comments, and priority handling.",7,67.36,1.8571428571428572,0.08730158571428571,1.4285714285714286,1.2857142857142858,86.85714285714286,ok
qwen-qwen2-5-14b-instruct__Factory Method__learning-management-system__rep0,42,qwen25_14b,Factory Method,learning-management-system,"A Java LMS for courses, lesson modules, assignments, submissions, grading, and progress tracking.",7,69.67,1.8571428571428572,0.09523809999999999,0.5714285714285714,1.2857142857142858,86.85714285714286,ok
qwen-qwen2-5-14b-instruct__Factory Method__library-management-system__rep0,42,qwen25_14b,Factory Method,library-management-system,"A Java system for managing books, members, borrowing/returns, due dates, and late fees in a public library.",7,70.78,1.8571428571428572,0.04761904857142857,0.8571428571428571,1.5714285714285714,86.85714285714286,ok
qwen-qwen2-5-14b-instruct__Factory Method__payroll-and-hr-system__rep0,42,qwen25_14b,Factory Method,payroll-and-hr-system,"A Java HR/payroll system for employee records, leave requests, salary calculation, payslips, and tax deductions.",7,71.45,1.8571428571428572,0.07142857142857142,0.8571428571428571,1.2857142857142858,86.85714285714286,ok
qwen-qwen2-5-14b-instruct__Factory Method__school-management-platform__rep0,42,qwen25_14b,Factory Method,school-management-platform,"A Java platform for student enrollment, class scheduling, grades, attendance, and teacher-course assignments.",6,66.77,1.8333333333333333,0.055555556666666665,1.8333333333333333,1.3333333333333333,86.66666666666667,ok
qwen-qwen2-5-14b-instruct__Factory Method__warehouse-inventory-tracker__rep0,42,qwen25_14b,Factory Method,warehouse-inventory-tracker,"A Java solution for stock intake, item locations, reorder thresholds, supplier restocking, and movement logs.",6,61.4,1.2857142857142858,0.2571428628571429,0.7142857142857143,1.1428571428571428,83.42857142857143,ok
qwen-qwen2-5-14b-instruct__Observer__banking-account-management__rep0,42,qwen25_14b,Observer,banking-account-management,"A Java application for customer accounts, deposits, withdrawals, transfers, statement generation, and audit history.",5,65.55,1.4,0.138888884,2.8,1.0,84.8,ok
qwen-qwen2-5-14b-instruct__Observer__car-rental-management__rep0,42,qwen25_14b,Observer,car-rental-management,"A Java application to manage fleet inventory, reservations, vehicle pickup/return, pricing, and maintenance status.",5,63.51,2.2,0.3,2.0,1.0,83.2,ok
qwen-qwen2-5-14b-instruct__Observer__food-delivery-management__rep0,42,qwen25_14b,Observer,food-delivery-management,"A Java backend for restaurants, menus, customer orders, delivery assignment, and order status tracking.",6,66.88,1.5,0.041666666666666664,1.6666666666666667,1.1666666666666667,86.66666666666667,ok
qwen-qwen2-5-14b-instruct__Observer__gym-membership-platform__rep0,42,qwen25_14b,Observer,gym-membership-platform,"A Java system for memberships, class schedules, trainer booking, attendance check-ins, and payment tracking.",6,69.72,2.0,0.08333333333333333,1.5,1.1666666666666667,86.66666666666667,ok
qwen-qwen2-5-14b-instruct__Observer__hospital-appointment-scheduler__rep0,42,qwen25_14b,Observer,hospital-appointment-scheduler,"A Java application to manage doctors, patients, appointment slots, check-ins, and visit history for a clinic.",6,66.56,1.6666666666666667,0.08333333333333333,1.3333333333333333,1.0,86.66666666666667,ok
qwen-qwen2-5-14b-instruct__Observer__hotel-reservation-system__rep0,42,qwen25_14b,Observer,hotel-reservation-system,"A Java system for room inventory, bookings, check-in/check-out, pricing plans, and guest billing.",5,56.18,2.0,0.3,4.8,1.0,79.2,ok
qwen-qwen2-5-14b-instruct__Observer__issue-tracking-system__rep0,42,qwen25_14b,Observer,issue-tracking-system,"A Java project tracker for ticket creation, assignment, status workflow, comments, and priority handling.",3,56.74,1.0,0.21428571,3.0,1.3333333333333333,85.33333333333333,ok
qwen-qwen2-5-14b-instruct__Observer__learning-management-system__rep0,42,qwen25_14b,Observer,learning-management-system,"A Java LMS for courses, lesson modules, assignments, submissions, grading, and progress tracking.",5,65.34,1.6,0.1,1.8,1.0,86.4,ok
qwen-qwen2-5-14b-instruct__Observer__library-management-system__rep0,42,qwen25_14b,Observer,library-management-system,"A Java system for managing books, members, borrowing/returns, due dates, and late fees in a public library.",7,65.91,2.142857142857143,0.14285714857142856,1.8571428571428572,1.1428571428571428,85.71428571428571,ok
qwen-qwen2-5-14b-instruct__Observer__payroll-and-hr-system__rep0,42,qwen25_14b,Observer,payroll-and-hr-system,"A Java HR/payroll system for employee records, leave requests, salary calculation, payslips, and tax deductions.",4,61.7,1.25,0.125,1.75,1.0,86.0,ok
qwen-qwen2-5-14b-instruct__Observer__school-management-platform__rep0,42,qwen25_14b,Observer,school-management-platform,"A Java platform for student enrollment, class scheduling, grades, attendance, and teacher-course assignments.",5,68.03,1.4,0.033333334,2.0,1.2,88.0,ok
qwen-qwen2-5-14b-instruct__Observer__warehouse-inventory-tracker__rep0,42,qwen25_14b,Observer,warehouse-inventory-tracker,"A Java solution for stock intake, item locations, reorder thresholds, supplier restocking, and movement logs.",5,65.2,1.4,0.14444443,1.2,1.0,84.8,ok
qwen-qwen2-5-14b-instruct__Singleton__banking-account-management__rep0,42,qwen25_14b,Singleton,banking-account-management,"A Java application for customer accounts, deposits, withdrawals, transfers, statement generation, and audit history.",6,58.53,1.8333333333333333,0.1888889,2.3333333333333335,1.0,85.33333333333333,ok
qwen-qwen2-5-14b-instruct__Singleton__car-rental-management__rep0,42,qwen25_14b,Singleton,car-rental-management,"A Java application to manage fleet inventory, reservations, vehicle pickup/return, pricing, and maintenance status.",5,70.17,1.0,0.14000001,1.2,1.0,84.8,ok
qwen-qwen2-5-14b-instruct__Singleton__food-delivery-management__rep0,42,qwen25_14b,Singleton,food-delivery-management,"A Java backend for restaurants, menus, customer orders, delivery assignment, and order status tracking.",3,60.51,1.0,0.6666667,1.0,1.0,80.0,ok
qwen-qwen2-5-14b-instruct__Singleton__gym-membership-platform__rep0,42,qwen25_14b,Singleton,gym-membership-platform,"A Java system for memberships, class schedules, trainer booking, attendance check-ins, and payment tracking.",4,77.3,1.0,0.1625,0.0,1.0,86.0,ok
qwen-qwen2-5-14b-instruct__Singleton__hospital-appointment-scheduler__rep0,42,qwen25_14b,Singleton,hospital-appointment-scheduler,"A Java application to manage doctors, patients, appointment slots, check-ins, and visit history for a clinic.",7,66.44,1.2857142857142858,0.21428571714285713,0.5714285714285714,1.0,83.42857142857143,ok
qwen-qwen2-5-14b-instruct__Singleton__hotel-reservation-system__rep0,42,qwen25_14b,Singleton,hotel-reservation-system,"A Java system for room inventory, bookings, check-in/check-out, pricing plans, and guest billing.",1,52.05,1.0,0.5,1.0,1.0,80.0,ok
qwen-qwen2-5-14b-instruct__Singleton__issue-tracking-system__rep0,42,qwen25_14b,Singleton,issue-tracking-system,"A Java project tracker for ticket creation, assignment, status workflow, comments, and priority handling.",3,76.51,1.0,0.16666666666666666,0.0,1.0,85.33333333333333,ok
qwen-qwen2-5-14b-instruct__Singleton__learning-management-system__rep0,42,qwen25_14b,Singleton,learning-management-system,"A Java LMS for courses, lesson modules, assignments, submissions, grading, and progress tracking.",6,61.33,0.8333333333333334,0.46468255,0.16666666666666666,1.0,80.0,ok
qwen-qwen2-5-14b-instruct__Singleton__library-management-system__rep0,42,qwen25_14b,Singleton,library-management-system,"A Java system for managing books, members, borrowing/returns, due dates, and late fees in a public library.",3,61.59,1.3333333333333333,0.3333333333333333,1.0,1.0,82.66666666666667,ok
qwen-qwen2-5-14b-instruct__Singleton__payroll-and-hr-system__rep0,42,qwen25_14b,Singleton,payroll-and-hr-system,"A Java HR/payroll system for employee records, leave requests, salary calculation, payslips, and tax deductions.",4,66.87,1.0,0.15625,1.25,1.0,86.0,ok
qwen-qwen2-5-14b-instruct__Singleton__school-management-platform__rep0,42,qwen25_14b,Singleton,school-management-platform,"A Java platform for student enrollment, class scheduling, grades, attendance, and teacher-course assignments.",2,63.28,1.0,0.33333335,1.5,1.0,84.0,ok
qwen-qwen2-5-14b-instruct__Singleton__warehouse-inventory-tracker__rep0,42,qwen25_14b,Singleton,warehouse-inventory-tracker,"A Java solution for stock intake, item locations, reorder thresholds, supplier restocking, and movement logs.",3,60.79,1.0,0.16666666666666666,1.0,1.0,85.33333333333333,ok
qwen-qwen2-5-14b-instruct__Strategy__banking-account-management__rep0,42,qwen25_14b,Strategy,banking-account-management,"A Java application for customer accounts, deposits, withdrawals, transfers, statement generation, and audit history.",6,63.66,2.0,0.10714286666666667,2.1666666666666665,1.1666666666666667,86.66666666666667,ok
qwen-qwen2-5-14b-instruct__Strategy__car-rental-management__rep0,42,qwen25_14b,Strategy,car-rental-management,"A Java application to manage fleet inventory, reservations, vehicle pickup/return, pricing, and maintenance status.",5,66.23,2.0,0.141666668,2.4,1.0,84.8,ok
qwen-qwen2-5-14b-instruct__Strategy__food-delivery-management__rep0,42,qwen25_14b,Strategy,food-delivery-management,"A Java backend for restaurants, menus, customer orders, delivery assignment, and order status tracking.",6,65.83,1.6666666666666667,0.0,1.1666666666666667,1.0,88.0,ok
qwen-qwen2-5-14b-instruct__Strategy__gym-membership-platform__rep0,42,qwen25_14b,Strategy,gym-membership-platform,"A Java system for memberships, class schedules, trainer booking, attendance check-ins, and payment tracking.",5,66.49,1.0,0.066666668,0.6,1.0,86.4,ok
qwen-qwen2-5-14b-instruct__Strategy__hospital-appointment-scheduler__rep0,42,qwen25_14b,Strategy,hospital-appointment-scheduler,"A Java application to manage doctors, patients, appointment slots, check-ins, and visit history for a clinic.",4,69.48,1.5,0.0625,1.5,1.0,86.0,ok
qwen-qwen2-5-14b-instruct__Strategy__hotel-reservation-system__rep0,42,qwen25_14b,Strategy,hotel-reservation-system,"A Java system for room inventory, bookings, check-in/check-out, pricing plans, and guest billing.",5,65.75,1.2,0.195,1.8,1.0,84.8,ok
qwen-qwen2-5-14b-instruct__Strategy__issue-tracking-system__rep0,42,qwen25_14b,Strategy,issue-tracking-system,"A Java project tracker for ticket creation, assignment, status workflow, comments, and priority handling.",7,64.11,1.7142857142857142,0.25,2.0,1.2857142857142858,82.0,ok
qwen-qwen2-5-14b-instruct__Strategy__learning-management-system__rep0,42,qwen25_14b,Strategy,learning-management-system,"A Java LMS for courses, lesson modules, assignments, submissions, grading, and progress tracking.",5,67.21,1.2,0.08888889,0.8,1.0,86.4,ok
qwen-qwen2-5-14b-instruct__Strategy__library-management-system__rep0,42,qwen25_14b,Strategy,library-management-system,"A Java system for managing books, members, borrowing/returns, due dates, and late fees in a public library.",5,60.2,1.6,0.2,3.0,1.0,84.8,ok
qwen-qwen2-5-14b-instruct__Strategy__payroll-and-hr-system__rep0,42,qwen25_14b,Strategy,payroll-and-hr-system,"A Java HR/payroll system for employee records, leave requests, salary calculation, payslips, and tax deductions.",5,69.54,1.2,0.066666668,1.0,1.0,86.4,ok
qwen-qwen2-5-14b-instruct__Strategy__school-management-platform__rep0,42,qwen25_14b,Strategy,school-management-platform,"A Java platform for student enrollment, class scheduling, grades, attendance, and teacher-course assignments.",6,67.81,1.3333333333333333,0.055555556666666665,1.1666666666666667,1.0,86.66666666666667,ok
qwen-qwen2-5-14b-instruct__Strategy__warehouse-inventory-tracker__rep0,42,qwen25_14b,Strategy,warehouse-inventory-tracker,"A Java solution for stock intake, item locations, reorder thresholds, supplier restocking, and movement logs.",6,68.4,1.8333333333333333,0.11111111666666666,1.3333333333333333,1.0,86.66666666666667,ok
